seq,label
GCAUGCAAAACGUCGCAUUGCAGAGCGGGAGGCCAGGAGGU,1
AGUCGAAGACUCGCGGAAAGCAACAAGCGUCUGAUGAGCAA,1
ACCCCAAGGGCUGUUGAAGGCAGCGAGGAAGAGCGGCCAGU,1
UCACUUGUCGGACCACUUGUCAGAGCUGGUGGAGCAGACCC,1
GAGGAACGUAGCCAGCCAGUCAAAUUGGAGAGCACAAGGAC,1
UAUGGGAAACCUCACCCGGCCCGGACAUGGACAGGAUUGAC,1
UGACGAUGAGGACCUGACACCAGAGCAGAAGGCAGAGCGUG,1
ACUGAGAGUUAGGGAGGGCACAGAUGGAAGAGGAUGGCACG,1
UGUUUCUGUAGAAAAGAAAACAUUUAACAUAAUGGUUGUGA,1
GGGAUGAGCUCUGGGCAUGCCAUGAAGGAAAGCCACGCUCC,1
AGGUGGAGAUCCUGAAGGAGCAGAUCCGAGAGCUGGUGGAG,1
UGAGAAGACGGUAGCUUCUGCAGUUAGGAGGUGCAGACACU,1
AAGAAGUCGGCUCUGGGCUCCAGUGCGGGAAUCACACACAU,1
GGUUCGGGAGGAGCUCAAGCCAGAUCAGGUAGGACCCUCAG,1
CGUCGGACACGCUGAAGCUGCAGAAGAAGGCGCGCAAAGGU,1
CGUUUCUGGGCUUUGGGAAACAGUAUGUGGAGAGACAUUUC,1
CUCGCGGACUUCAACAUUAUCGGGGAACUUCCCGGUUAACC,1
UGCUACCAGUUUUACGGGAGCAGGUUAUGGCCCACUCGCAG,1
ACUCCGGCGCGUCAGAGUAACAGAAGCGAGAGCACAGACAG,1
UGGACACGUGAACUCUUACACAGAUCAAGAGGAGCAGCUCU,1
CAUGAUCAAGUGCUGAAAACCAGAUUGGAAGAAAAAGUUGA,1
AAAGAACUUAUGGGUUUCAGCAAAUCGGUAAAUGAAGCACG,1
AUGGACUGAAUAUAAAACAGCAGAUGGGAAGACAUAUUAUU,1
GACACGGUAGAAGACUCGCCCAUUUUGGAAUGUGACCGUCU,1
UCAGGAAAGUCGGAAAACUCCAGAAGUGGUCCAGAGCACAC,1
ACUGUGCCCAGUUUAAAGAACAGAUGGGGAGCACAAUAUAG,1
AUGGUGUGACUGCAAACUUCCUAAUUCUAAGGUACUUGCGU,1
UCUGUGAUUACAUAGAUCAGCCAUUAAAAUAAAACAAGCCU,1
AGCAUCUGGGAGAAUGGAGACAGUCUGGAAGAGCUGAUGGA,1
AUGGGCUGAGACUCCUCGAACAGAUCGAGGUGGAGAUUCUA,1
GGGCUUCUGAGAGGUAGAACCAGAAGGAAGGGCACUGCAAC,1
GGCAGGGGGACUGAGAACUGCAGAAUGGAAGGGGCCACAGU,1
UAGUUUCAAAAUACAGACAGCAGUUCGAAGAGCUUUAUAAA,1
AUCUGUGCUGCCUUUGUGAACAGAUGGAAGCAUCCUGCCAG,1
UCGGCCGCCGGGUAAAGAUACUUGAGGCUAAUACAUUGAUG,1
AAGCAGCGCAAGGACAGCGCCAGUGAGGAAGAGGCACACGU,1
AUAGCUGGCGCUCUCGCAGACCCGACGCACCCCCGCCACGC,1
CUGAGUCGGUAAAUGUGCUUCAGAUCGUGAAGGGGCUGACG,1
GCAGUUUUACUAUCGAACUCCGCCCGGAUAGGCGCCCCCGG,1
CGGAACGAAGUUGGGGUCGACUCUCUAGCGCCACGUAGACG,1
GUUGGUAGAACUACGCAUCUCAGCUGGGGAGCACAGGUAGG,1
CCGCAACGAACCAGUUAUCCCCUGUGGUAACUUCUGAUACC,1
CUACAUCCAGCAGGACAACUCAGAGAGGAAGCGGAAACACC,1
AGCAGAAGAAAGAGAACGAGCGGAUCGAGAAGGAGCGCAUG,1
GUUUGCAAAGGAACAACAUACAGAUGGGACACUAAAGGAAG,1
GCUCAGAACUCUGGUUUUGACCUUCAGGAAACAUUAGUUAA,1
UUUGGUUUUGUAGACUUCAACAGUGAGGAGGAUGCCAAAGC,1
CGCUAUGAGAGCCUGACAGACCCUUCGAAGUUGGACAGUGG,1
AGCUGCCAGAACUCAGUGAGCAGAACAGAAGAGCCACAGAC,1
GGACGAAUUUCGAUUUCAAUCUAGAAUUGCAUGUGGAUAAA,1
GAAAAAUUUCAAAUAUUGAACAGCUCGUAAGUUUGGAGAGG,1
UCACGGACAAGGGCCUGGAGCUGAUCGCUGAGCACCUGAGC,1
GCAAGAACUAAUUCAAAAGGCAGAUCAGAAACCACAGGAGU,1
CGACAAGUUGCUUCGGCGCGCGAAUGGUGGCUUGAACAUCC,1
CGAGGAUGGCCGGGCUCUGUCGGAUCGGGAGGAGGAGGAGG,1
GGAGGGCAGGGACUUCUACGCAGAUCUGGAGAGCAAGGUGG,1
CUGUGAGGAAUUAGUACAUGCGUAAGCGAAACCGUCUUGAU,1
UGGAACUCCCCCAUACCCUACAAGUCGGAGGCAAACCUUUA,1
AUUUCUUUGUAUGAGAAUGGCAUCAAUGGUAUCCUUGCAGA,1
AAGCGUCGCGGUUCUGGCGGCAUCCGGUGAGCUCUCGCUGG,1
AUUUUCAGUACGAAUACAGACCGUGAAAGCGGGGCCUCACG,1
CGUGUAGUAACCACUGUAACCAGGAUACGGAAGAGCCCUGU,1
AGUUUGGACAUGAUUGAACACAAAUGGGAAGAGUACAGAAA,1
AUAAAACUGGAACUCUGACUCAGAACCGGAUGACAGUGGCC,1
ACAGGUGGAUUGAUGAGACUCCUCCAGUGGACCAGCCCUCU,1
AGACGUUUCGGCUACAGACCCAGAGAGGAGGAGCUGGAGAU,1
CUCAGUACCUGGAGAGCAUGCAGAUUGGAGACACCAUUGAG,1
AGGAGCGGGAGGAGCUCCAGCAGAAGAAGGGCACAUACCAG,1
AUUUUUCGUGCGCUUAUCAUCCUCGGGGAACCUGACUCCUG,1
GGCAAAGGCUAAAGAACUUGCCACUAAACUGGGUUAAAUGU,1
CUGUGGUGAUCUGUAGACUUCUGGUUGUAUUUCUAUAUUUA,1
AAAGGUUGUUCCGAUUCUGCCCGGAGUGGAUGCAGUCAACA,1
AACCCGAGAUGAUGAUCAGCCACGUGAUUUUUUCAAGAAGA,1
CACGAAUGCUCGGAGUCUGGCAGAAAGGAAGAGAGAAGAGG,1
GCCUCGGCGGAAACCGUGGACCCCGCCUCGCUCUGGGAGUA,1
ACUGUGAAGCUGUGAGCAAGCAGGCAGGAAGAGCAAUAUCC,1
UAGUGCGCAACGCUGGCCGCCCGGCUUCAACUGAAGGGGCG,1
AAUUGCAGCUCUUCCUUUCUCACUACAUGAAUUCAAUUUCC,1
GCUAUGACACCAAUAAGAAGCAGAUCAAUGUGGCCCGGCUG,1
GUCAGAUUGCUCAGGACCAUCAGAAGAAGGAGACAGUUGUG,1
AGGAAGAGGAACUCUUUGUACAGUGAGGAGAGCCAGGUGGC,1
GUGGCGAUGGAGAUCCAGCACAGAUCGCACGAGUGCCGAGG,1
CAAGACACUCCUGCUUGAUACAGAACAAAAAGAGCUUAACA,1
UGCUGUGGAAACUGCAGCGACAGCGAGGAAGAGCUCCCCAC,1
GAGCUGGAGAAGCAGGACAACAGCUGGAAGGAGGUGAGUGG,1
CUCGGAAAUGGAGAAAACAUCAGAAGCAGGAAGGCCACUGU,1
UCGGAGCUCCUGCGGACAGACAGGUGGAAGAGUGACAAUGG,1
UAUCUGUACUUCUCACAUGUCGCGCCGCCUCCAAGCAUCAU,1
AGACGGACAUUUGCGAGGUACUGAAUGAGGUGGACAUUCUG,1
CUGAUAGUGGCUGAGAAAUUCAGAUGAGAAGACAAAUUGGU,1
AGGAGGGCAAGACCUGGAAGCAGAUCUGUGACAAGCACUGG,1
AAUCUGUGGAACUGAAGGAGCGGAUCAGAGAGUAUUUAAAG,1
GGCGACUGGUCUUUGGAAAGCAGGCAGGAAGAGCUCAGGUC,1
AGGACGACGACAAGCUCGAGCAGAUCAGGAAGGUGAGCAGG,1
GAGCGGAUGAACUUUCUUUACAGAUCGGAGACACUGUGCAC,1
GGUUCCCUGUCUCUGAAAGACCUUUCUCUGGAAGAGGAGUC,1
CGGACAAUGUUUGUGAUGUCCUCUCCAGUGCUCGGAGACGC,1
UCAAGUCAGAAUUUGAACACCAGAAGGAAGAGUAUGCACGU,1
CUUGCGCGUAUCCUUAUCAUCGCAGGGUUAUCGGUAAGCGC,1
GUCGAGUAGAGCAAAGUGAACAGAUUUAACGCAAGCAGAUU,1
UGUGGAACAGGAUGACACAACAGAACGGGAGCAACCUCGGC,1
AACCUUGGUGAGCUCUGAUACAGUGAGAAGAGAUUAUACUC,1
CUGACCGACGGGCUGUCCAGCCUGACUCCAGUGUCCCCCAC,1
ACCAUAUCCACAGCAGGUCUCCAAGGUAAACAGCCUCUGGC,1
GAACCCGAAAUGCCCGGUCCCAGAGAGGAGAGCGAGGAGGA,1
GUGGAAAUCUGAAGGAGAGACAGAUCUGAGAGAGUCACAUU,1
GAAGCAGAGAGCAGAGCAUGCAGUGAUGGAAGAAGCAGGAA,1
ACAGUGUCAGAGUCCUGAGACAGAUCAGCAACAACCGAAAA,1
UUGUGGGCUUGGACCACGAGCCCUUAGCAGGGAAGGCUGGU,1
CUAUUUGUUUGAACCUCAUUCAGGGGAAGAGUACACUCGAG,1
AAGGUGGACUCUAUUGAUGACAGGUACAGUUUUCUGAGGUU,1
UCCGGCGCAAGCUCAUCAAACAGCUCGGGGAGCACAAGCGG,1
UAAGAGGCUGAUGGAACCUGCAGGUAAGGGAAGAGCUUUGA,1
UGAACAUGAGCCCCACUUUUCAGAUAAGGAAAACACAGCAU,1
CUGAAGCUGAAAGUUGAAUUCGUUCCAGAAAUAAUGAGGGU,1
GGCCGGUCUACAUCAAGAACCCAAAUGCAUCAGCUCGUUAA,1
UUUGGGCUGUGUGUGCGACGCGGGUCGGAGGGGCAGUCGGG,1
GAACCCUAUGACCAAGCACACAGAUGUGAGUAAUACUCCAU,1
GGACAAGGAGCUGACAGUGCCAGACCGGAGGAGCCCAAGUC,1
CUCUAAGUAUUCGCUAUUGUCGCUGUGCUUGGCGCGAUUUU,1
GAACGACGAACGUCGUGGAUCAGAUCGGAGCGACCGCCUGC,1
GGAGGGUGGAUAGGGAAGGGCGAUAAAUGUGCCAAGAGGAG,1
GCUGACUGCUAAGAAAUGACCAGAGGGGAAGAGGAGUUUGA,1
AACUCUAUUUAGAUGCUAAUCAGAUUGAAGAGCUUCCAAAG,1
UGGCCCCUGCACAGGGAUGACACGCAAAUUCGUGAAGCGUU,1
ACCAGCUCAGCCACCUGCGGCAGUAUGAGAAGAGCAUCGUC,1
AGCUGGAAUUCAUCACCAAGCAGAUCAAGCAAGGUGAGGAG,1
CUGGCAGGUGCUGACUGUUGCAGAUCGGAUCAACAUCAAGA,1
AUAGGGAUUGGAACCCUGAUCUACGGGCACUGGAGCAUAAU,1
GCGUGAUCUGCAACCUCUGCCCCCCGGGUUCAAGCGAUUCU,1
CACCUUCCUACUUCCUCACUCAAGCUCACAGUUCCUGCAGG,1
GAGCCGUGGAGCUCGAGCGGCAGAUCGAGAGCACAGAGACU,1
CUGGGGGACUGAAGAGACUUCAGGUUGGGGAGCACAUGGGC,1
AGCACUAGAGCAGCAGCUGGCAGAGGAGAAGCACACUCCCG,1
GCGUCCGGAAGGACCGAGCUCUUCUCGCGGAUCCAGUGUUC,1
GCCUGGGACUUCCAGGACCUCCCCUCAGGUUGUUCUCUGAU,1
GCCGGGAAGAGCUCUGGCAGCUGCUGGCAGAGCAGCGCGUG,1
AAGAUCUAAGUCAGUCGCUACGAUAAGUGAAACAGAGCGAG,1
GGAACUGGAAGCUCUGAAAACAGAGCUGGAGGACACGCUGG,1
UUACUUCUCUUCCUUCUCUCCUUAAUGACAUUAACACUAUU,1
CUGACACGGGGAGGUAGUGACGAAAAAUAACAAUACAGGAC,1
GGCAACCGCAUCAACUUUGCCGUGUAUCCUAGACUCAGAGU,1
GAGAACAAAAGCCCCAUGGCCAGACCGGGAGAGCAGGGCUG,1
AUGUUGAAGAUGCAGGUGUCCACUCGGGAGAUGCCACUCUG,1
AACUGGUGAUGCUCUUGGACCAGAUCAACAGCACCUUUGUU,1
GUCGGAGGUUCGAAGACGAUCAGAUACCGUGGUAGUUCUGA,1
CCCGGCUGAUUAGAGAGCUGCAGGAGGAAGUAGCCCGGCUG,1
CAGUUGAGGUGUAGACCAUGCAGUGAGGAAAGAGCGACUCA,1
CCCGCAUCAGCUUCGACAGUCAGAUCAGCACCACCAAGCGC,1
GGAUCCAGAGAGCUAUGUGACAGUGAGGGGAAGAGCCAGCC,1
AGGAACUGAAAUGAACCAGACACACUGAUUGGAACUGUAUU,1
UGAAGAUGGCGGACGCGAAGCAGAAGCGGAACGAGCAGCUG,1
GACUUCACUUUUUUCCCCAUCAGAUCGACAAUGCUGACGUC,1
AAACGUGGAACCUUUGGAAGCAGAAAGGAAGAUGAUUUCUC,1
GGCUUGAAACGAAAGUUUAACUUUGCGGACAAACAGGACUU,1
GGAGAUGGUGGAGAUGCUGACAGAUCGGAACCUGAAUCUGG,1
UUGUGUGUGUGUUUUCAGAACAAGCGAGUGAGCAUCAAUAA,1
UCCUUUGUCUCUGACAUGAUCCAUAGUGAAAUUGCCAGAGU,1
UACUCCCCUCAACGAACUUACAGAUCGGAAGUGUCUUCACC,1
CAUCAGGGUAGUAGACCUGUCAGAUUGGAGGUCAAAGUCAA,1
UAGGCGUGAAUUCAAAGGGUCUCCGUGUCGUGGAUUUGUAG,1
GUGGCUGGAAGGUUCGGAAACAGAUUAGAAGGGAACAUCAA,1
CUUGCUCUGAGCACAGGUGACAGAUCAUAGGAAGUGGCUGG,1
ACUGUAGUCUGGAAGACUCACAGAUUGAGAAGGAACGUGAU,1
AAGGCGGAGCAGAAUCUCAGCAGAUCGGAAACUGCUCCUCG,1
UCUCCUGGUCCUUCUGCCAUCAUGCCGAUGUUCAUCGUAAA,1
AUCAAGGACUGUGUCUCCCCCAGCGAGUAAGAGCCCACGUC,1
CCGUUUCCAGCCCCCAGUCUCAGAGCGGAGCCCACAGAGCA,1
AUACAGAUUGAACAGCUAAACAGAACGAAAAAGCAUGCACA,1
GGUCUAUCAUCUGGGCUAAACAGAUCGACAGGCAGCUGACG,1
CAUCGAGACUGAGGAAAACACAGUUGGAAGGAGCUAAACAC,1
GUGACGUGCUGUGGAUACCUCCCCCAGGUGAGUGCACGGCG,1
CUGGACAGCAGGCGCUCAGGCAGAUCGGCUCCGUUAUCAGG,1
GUAGGACUCACAUUGGACAGCAGCGUCGGAGACACAGAACU,1
UCCCCAGUCCUGGCUGGACACUCGCCUGGCCUGGAACACUA,1
CAGCCAGGGACGCUUGGUCUCAUACAUGUUGAUUAAAAUUA,1
CAAAUCUGAAGCACAAGGAACAGGUGGAAAAAAAGAAGAGU,1
CCGCUCGUCGGCGCACCACGCAGAUCAUCAACAUCACCAUG,1
UUCGCCGUGAAACACUGGACCAGAUCAACCAGGAGCUCAUC,1
AAAAAGCCUGACUGUUAUUACAGCAUCGGAAGGUAAAGAGG,1
CAGAACUCUCAGUCCCUCAUCAGAUCGAGACUCUAUUUCCC,1
AAGAACACAGACUGGACCAACAGAAACGGGAAGAGUAAGUU,1
UAGAAUGAGCUGAAUAGACCCAGAUGUGAAGAGCAACAUUC,1
GCUUGGGUCCACGGACUACUCCACUCAGAUUGACAUGUGGU,1
UGCCUUGUAGAUGGAGCUUGCAGAUGGAGCCCCGUGACCUC,1
GCAGUUUUAAUUGUGAAGAUCUCAACUGAGACAGCCGGAAA,1
GCCUGACUGAACGGAUACACCAGAUGGAAGAGAACCAACAC,1
UUGGGAUGUAUUCGUACUGUCUGAUGGGGCCUGCUGGACUA,1
AGAGUACAGUCGGUCCUCGGCGGAUCAGGAGGAGCCCCUGC,1
AUGUCAAUGUGGCCCAGGAACAGAUAGAAGGCAUGGUCAAA,1
UCUGUAGGAGCCACGACUUCCAGUGUCGGAGAUGCCGUCAG,1
GUUUCAGAUACUGUUGGACCCAGAAGAGAAGGGCACUGAGA,1
GUCCGCCGUAUUGCGUCACUCGCGCUAUUUUCCAGAAGCUC,1
GUGUGCAGUGUGGGGCUGGGCAGAGAGGAAGAGUCCUGGUU,1
UGCUGGGAGCCAUUAGAACACAGAUACAAGAGAAGCCAGGA,1
UGGAACUCUGUUUACCAAACCAGCGGGGAGAGCACAAGCCA,1
CCCUGUGGCACUCUAGAUUCCAGAUCAAGGAGCACUUAUAU,1
UUAAUUCUGCCUCUGAACAACAGGUAAGCAAAAGGCACACA,1
CAUUAAGGGGCUCAUGAUCUCAUCGGCCAUGCAGUCCCACU,1
AGACGACCGACCUGCAGGACCAGAUCGCAGAGCUGCAGGCG,1
CCCAAAUGCAUUUGGAUGUACAGAUCGACUACAGAGUACUU,1
GCCGGUACGGGGACUUCAGACAGAUCCGGGACAUCAUGCAG,1
UUGGGACUCAGGGCUUUAUUCAGCAUGGGAGGCACUCAUUA,1
AGUUUGUUUGGACAACCUAACUCAGCUUUAUUUGACAUGGA,1
GACAGGGACCCUGAGAAGAGCAGUGAGGAUGAUGUCUACCU,1
CCGCACAGGAGCUGGAGAACCAGAUGAAAGAGCGCCAAGGC,1
GCUGAGGACCAGAACUGAAACAGAUAGGUUAAUAUUCAUUC,1
UGCUGGCUCAGACCUGCUCGCAGAUCGGCAAGCCGGACCCG,1
GGACGAACAGGUCUGUGGAACAGGUCAGAGAGCCACGAGAU,1
AGGCCCCGAGGGCUGAGGGUCAGUGCAGAAGAGCACCAAGC,1
ACAUUUGAACCCUUUUCCAUCUGAUUGCUGAGGCUUUUCAU,1
GCAUCUAGUAGGGCUGAUCUCUGCGCUCCUGACAGUGCUCG,1
GCUCAGAAAAGAUGAACAUACAGAUCCUGGAAGAUACCCAU,1
UGUCGGGAACUGUCUAACUUCAGGUUGUGUGAGUGCGUUAA,1
GCCUGGGAUGCUGAACUCUUCAGAGAGAUUUUUUUAUAGAG,1
GAAAGAGGAAGAGACUCAUACAGAUGGAGACACAGGGAAAG,1
UAGACACUCAAGCCGAACAUCAGACAGAAGAUGCAGCAGGU,1
UGACCGACUCGGACAUCGAGCAGGGCGGUGAGAGGCGCUGC,1
GCUGACUGAUGGUGCUGUGACGGAUGUGGAAGCCACACGUG,1
ACAAGAGGCACUCUGCUGAUCAGCAUCGGAUUUGGCACACG,1
UUGAACAAGAGCAGGAAUUUCAGGUCAACAAACUGAUGAAG,1
CAGAGCCGGAGGAGCUGAACCAGACGGAGCAGACAACCUAC,1
GCUGGCAAAGGAUAGAUAAACAGAUCGACUUUAGGUAUGCC,1
GACUGAACACAAUUUUAGCACAGAUCAUGCCUUUCCUGUCA,1
CAGCCUGCCCCCACCCCACCCAGGUAACAUCUUCCCCAAGG,1
GUACGGGGCUGAGCCUGGAACAGGUCAAGAAGCUUAAGGAG,1
UGGACGCCCGGGCUCUGACACAGACCGGAGGGCCGCACGUC,1
AUGAACUAAGGCUCAUUGCUCAAAGGUAUGGUCAUAAAUAG,1
CAUUCAGCCCCUGGACGGUGCCCCAGCCUGGCCCAGCCAUG,1
ACUGUGGCCUCAAGUAUAAUCAGAUCCGAUGCCUCUGCCAG,1
AGGUGAAGUCUCAGCGAGAACAGAUCGAGGAGCUGCAGAGG,1
GAGAGAACACAAGGAUUGCCCAGCCUGGAGACCACGUCAGC,1
AUGCUACCUACCGUACAUGCCUCCCCUGGUUCGCUAGUUGC,1
CCGGAGAAGGGCCUCUGGAGCAGGUCUGGAGGGGCCAUGGG,1
GCAUUCCAAAGGAACUCAGACAGCAAAGGAAGAGAUGGAAA,1
CAGUACCCCAUCAAGAAAGUCCCUGGCAGUCGAUCCCCGGC,1
CAAGGCCUUCUUGGCUGAUCCAUCUGCCUUUGUGGCUGCAG,1
AAGGACGACGACAAACACGUCAUGAGGAAGGAGCAGCGCAA,1
GCAGUCCCAGAUCUCGGACACAUCUGUGGUGCUGUCCAUGG,1
CUCUUCUCUCUCAGAACUACCUGUCCCGGAACUUUUACACC,1
CCGCGGACGCUACGCCGCGACGAGUAGGAGGGCCGCUGCGG,1
UUCCCUCGCAUCACAUAUUCCGUCACGGCUAGAAACUUUCU,1
CACUAAGUCAGUAGAAUGAGCAGAUCAGGAGGAGCAGCUGU,1
GGCGGCAGGGCUGGCACAGACAGACGGAAGCAGAAAGGACA,1
UGGAGGAGAAUGCAUGGCUGCAGAUCGAAGAGUGUGUACCU,1
CGGCCGUGCGAGCCCUCUGCCAGAUCACUGAUGUGAGUCGU,1
AGAACUGCAUGACAACCAACCAGAAGAAGGCGCUCAAGGUG,1
UACGCUCUGUUAGGAUUCCACAGAUUGGAGACAAAUUUGCU,1
GCCUGGAUUGAUGUGUCUCACAGACUCGGAAGGGUUCUGCU,1
AGAUCUCUGAUGAUCUGAUGCAGAAGAUCAGUACUCAGAAC,1
AACGGAUGGGCCUCUAGUGACAGAUCCAGAGACACACAAGA,1
CUGGAAAGACUUUGACAGCGCAGGUCAGUACAAUACCUGCA,1
CCCAGGAGAAGAACAAAAAGCAGGAGGUGAGCCAGGCCAGG,1
UUCACUGCAUAUUCUCCCCACAGAUAGAAGAGCCCAGCCAG,1
AGGUGCGAGGGCUGGAACGCCAGGUGGAGGAGCUGCGCUGG,1
AGCCAAGGGAACGGGCUUGGCGGAAUCAGCGGGGAAAGAAG,1
AAUCUGGUUACUCUGCCAAACAGCAGGCAAGUGGGAUUUUU,1
AGCUGAAGACUCUGACCAAGCAGAUGAAGGUGAGAUGCGGG,1
GGCCCAGCUGGAGACACUCACAGGGAGGAAGGCAAAGCACG,1
CCAGGCAGAGUCAGCAGCUGCAGUGUGGAAGGCAAGUGGGG,1
AGAAAGUAUCCACUCUGGGGCAGAUGGGAGAGCUGGAAAAG,1
CAACAGACCUGUGUGUUCAACAGAUUGUGAGUGCUAACAUC,1
CCAACAAAGGGGAUUGCCUGCAGAAAGGGGAGAGCGUCAAG,1
UGGAUAGAGGGACCAGUUGGCAGAUUGGGACACACGUACAA,1
AGCAUUUGACAUUGGGAGCACAGAUCGGAGAGGGAGAGUUU,1
GUGGGUUUGGUAGUCGUGUACUCGAGAAAACAUGCCCUUGC,1
GUUAGAACCCAAGAUAAAUGCAGAUAGGAAGAGGAAAGCAU,1
GACAAUGACUGCGGAGACUACAGUGAUGAGACACACGCCAA,1
CUUCGAACAGUGAAACACUUCAUAUGGAAGAGCGGUGGAGA,1
CUUAGCUCGACGGGGCUGACCGCUCUGGCCCAGGGUGGUAU,1
GAACUGCAGGAACUUCGUACCAGAUCAGCCAAGAAGAGAAG,1
AAAGAGCUCAGGGACAUAUACAGAUCACAGAGUUAUAAAAC,1
GAACUCUGAGCUCGUGAGGCCAAGUCGGAAGGGCAGCAGGG,1
GGGAUGGUGAACUUUGUCAGCAGAUGGAAGAUUUUCUUCAG,1
CUGUGAAGAGUAAAACCGAGCUUUUUAACACUGAGUCAGCA,1
UAGUUCUGCCACCUCUGACGCACCACUGCCAAUGCUGUACG,1
AAGGUACUUAAGAACAAGUUCAGGUCGAAGAAGUACUUUGC,1
CGUCUCUCGGAAUGCAGAGUCAGAUCAGCAAGGUGAGGUCA,1
AACUAAGGAUGUUGAACGGGCAGACCGGAAGCUGGGGCACC,1
AUGGCUGGCAGCACUUGGAGCAGGCUGAGAAGGGCUACGAG,1
UUCUUAGGUGGUAGGAAAGACUGAUCGGAGGAGCACCAGAG,1
GUUUCUUUGCCAAACAUUUACAGACCGGAGAGAACCAUACC,1
UGUUCUUAUCAGUUUAAUAUCUGAUACGUCCUCUAUCCGAG,1
UCCUAUAGGACCCUGGACAGCAGAACGGAGCACCAAGGAUG,1
CUUUCUACUUGAAGCUGGUGCAGAUCAAGAGCACAAAACAG,1
CCGCUGGACGAGGAUCUCUUCAGGUAGCCGGCAGCUCCUGC,1
GAGCAGUAAAUCUGGGAGCGCGGGACUUGCCCGCGCCCUAC,1
CUUCACAGUCGGACAUGCUGCGGUCUCUGGCCACCACCCGG,1
GAGAGCGUGUGAACGAGGCCCGUGAGGAGCUCAUGAGGAUG,1
CGCGUACUGGUUCCUCAGUACCUUCUCCGACCAGCACAACC,1
GACGAUACUGCUCAAUGGCACAGACCGGAAGGUGGGCAGGC,1
CCACGCAGUCUCUGGCGGAGCAGAUGAGGAAGAUCGCCUUG,1
UUACGGUUUCCAUUUCAGAUCUCCCUUGAGUUUAGAAAUCU,1
CGGGAGGAGUAGGAGGGCCGCUGCGGUAAGCUUUGAAGCCU,1
CCGUGCGCCGCGGAGAACUGCUCUGGCCUGUGUUGUUCGAC,1
CAAGUCCUUCUGAUCGAGGCCCAGCCCGUGGACGGUGUGAG,1
UCCCCCUAUCCCCAGGAUGACAGAGAUUGUGAGCCGUGUGU,1
AGACUGAAGUGUGCCUCUCACAGAUGGAAGGUGCACACGCU,1
GCUACCGGGAGCGGGAGCAGCAGAUCGAGGAGCACAGGUGA,1
AUGAGACUGAACUUGCGAGGCAGAUGGAGAGGCUUGAAAGA,1
UACUGGAGCGCCUGGCAGAGCAGAUCGCGACCCUUUGUGCC,1
GCGAGCGCGAUCUUAAGGACCGCGAAGCCCUCGCCGACGUC,1
AAACAAGAAGGACCUGGAUGCAGAUCGUGAAGUUACCUUCU,1
CGUGUCCGAACGCAUCCCUACACCACAUCGGCGUUGACGAU,1
GGUAGGGGCAGUCUGGGCAGCAGGAAGGAAGGGCGCAGCGU,1
UCCGAAUUGAUGCAUUUUUGCCGGGUGAAGGCGGCAGUUUA,1
UGGGUGAGAACGCUGACUCGCAGAUCAAGUUGUCCAUCAAG,1
GAUGGGACUGAAACUCACUUCAGUAUCGGGAACCAUGACUG,1
ACAUCUCCAAGCACAAGUAUCAGAGUCGGGAGAGUUUUCUA,1
UACCUGCCAGCCUCAUCAGCCAGAUCGGAUACCGCUGCCAU,1
ACUUAAUGAAACUGAACUGACAGAUUUAGAAGGCCAACAAG,1
ACAUUGGGGGUUUGGACAAGCAGAUCCAGGAGGUGAGGGAG,1
CGCUGGAAAAGAAUUUGAGGCAGAUGGGAAGGCAGCUUCAA,1
GACUGGAGUCCAAGUUCAAACAGGUGGAGGAGAGUCAUAAG,1
GGUAUAAAGAUGGCUGUGACCACAUCGGGGAGCACCGAGAU,1
GAUGGCAGCGGCUGGACGGGCAGUGAGGAAGGCAGUGAGGA,1
GUCAGGAUUAUAUGGUCCCUCUUCAAUCUGUCGACGCGUUC,1
GUGUUUGGACCAUUGAGCAGCAGAUUGGAAAAGUGAAUGGU,1
GUGUAGAGCUGAGCGCUGUCCAGAAGGAGGAGCACAGGUUG,1
GUGAACCGACUCCUCCACCACCCACCUCUUCUUAGUGGCAG,1
UGAUAUCGAUUCGAUAGGUACAGGGUCUAGCGUGUAGGCGG,1
AUUGAGGUGGUAGUGAACAGCAGAUCGGUCAGCACCAGAAG,1
AAGAGCUGGAGAAGCAGCGGCAGCUGGCGGAAGGCACCGCG,1
AAAUAACCUAUGUUGAACUUCAGAAGGAAGAAGCCCAAAAA,1
CAUUGGUGACUCUCUGUAGGCAGGAGGAAGAGCGCAGGCGC,1
AGAGACUGUAUCACGAACACCACACGAUGAGCACGCAGUUG,1
CCACACUCCUGAGCCAGGAACAGAUCAAGGUCAGCAUGCCC,1
AUGUUGGUGAACUCGAUGAACACCGUGAAAGAGUUGCUGCC,1
GGAUUUUGUCCGAAACUGCGCCUGUGGAAAUUGCGCCUGGC,1
AACCACAAAUAGAGCCUGAGCAAAUCGGAAACACAGCAUCA,1
CUGAUGAUCCACAGCGGAGACCCUGUUAACUACUACGUUGA,1
AUCUCCGGACCAGAAAGACACAGAUGGAGGGCCCAAGGAGG,1
GGUCCUGGACUUUGUCACUCCCACCCCUCUUGGAACUAGAU,1
GAAGAUUAGCAUGAGGAUGACACGCAAAUUCGUGAAGCGUU,1
AGGACUGCGAACUCUCCCGGCAGAUCGGGGCGCAGCUUAAG,1
CAGGAAAGUCAUACGGGCAACAGUAUGCGGAAAGUACGUUU,1
CCAUCGAGGACGUGCUGACCCAGAUCGACAGCGAGCCCGGU,1
AGACAAGGACUCUGGCUUUUCAGGUUAAAAAUAUCUUAUCC,1
AAGACAUGUUUCAAGAACCGCAUUUCGGGAAGGGCAUGCAC,1
CGUGUGGAGUCUGGAGACGACGUGCAGAAAUGGCACCUGGA,1
UUCAAAAUGAGAACUCAUACCAGAUGGAGGAGGAUGGAUCU,1
CUGCUGCCCUGUGGGCUGUGCCAAGUGUGCCCAGGGCUGCA,1
AGAACCUGAAGAACCUGAGGCAGAUCAACAUCAACAACUAC,1
UGUGUGGUGGAGCAGCUGACCAGGACCGAGAGCACACUGCA,1
UAGUUAGUGGUCAAAAUUAGCCGCAUUAAAAUUUAAGCAUC,1
UUGGACACCCCUUUGUAAUUCAGCUUGGAAGAAUUUAUUUA,1
GAAAGACUUAGGAAUUAUGACAGAUCGGAGGAGACUAGGGA,1
GACAGAAGACAGAAUUACAACAGAUUGGAAAAAAAAUUCCA,1
CGCGGUCUGUCCUCGGGGCACUUGGAAAUAUGGGCGUUUAG,1
CAAGGAAUGAGGGCUCCAGGCAGAAGGAACAGCACAUGCAA,1
UAGAAGGCAGGAGCUCUGGCCAGGUCGGAAAGUGGUCUGUC,1
UGAACUUUGAUGCCGUGGCUCGGAUCGGGGGACCUCCCUUA,1
GAGAGCUCUGACCAAAUUCCCAGAAAGAGUAGAGCCACGGU,1
CGAUGCCGACGCUCAUCAGACCCCAGAAAAGGUGUUGGUUG,1
AACUGAGCGUGGGACCCUGCCAGACUGAAGAGCAGGUGAGC,1
GCCCUGCAAGUGCUAGAGCACAACUUUGCAUUACCAGCGUG,1
AAUUGGAUUUAGCCGCAGAGCAGCAUCGGAAACACCUGGAG,1
AGUUAUGGAACAAGGAGUACCAGAAAAGGAAGAGACACCAC,1
ACGUAGACCUGCUGCAGCCACAGAACUGAAGGGCAUGUGGG,1
GAAUGUGCUCUGGAAGGCAGCAGGUGGGAAGACACAAAGGC,1
ACCAGCAACUCGAAUAGCAGCAGAUCUGGGAGCCAAAGGCA,1
CUCGUUGCUGCUCUGUGGCACAUAUCGGAAGCAGUACAGCG,1
CUGGGCUUGGCCCAGGGAAACAGACGGCAGACACACCUGUC,1
CUUUAUGUCUGUGAAUGCUGCAGAUCGUGAAGACAGCCCUG,1
AAAUGUUGGAUAUGUUGAAGCAGACAGGAAGGUAAGCAUUU,1
GGGGCUGACCCUGAACCCUCCCCCCCGCCAGGUCGGGGAGG,1
CUCUGGACGUCCAGACGCAGCAAAUGGAAGACACGAUGAGC,1
GCUGAGUGGAAGUUAUCUGUCAGAUGAAGGGCACUAUUGGG,1
GCUGUUAGACUCUGUGAGUGCAGAAGAAUGAAGACGCCGUG,1
GAGCCCUUUGGACUCUGAGACACUGGAGGUAUGGGGGCAGC,1
GCCUCACCUACUCCCCACACCAGAUCGGUACACCCCUGCCG,1
ACGCGGACCAGUAUAAAGAGCAGGUACGCGAGGAAGUGCCU,1
UGUGACAGAGGAACUGAUGUCAGAUGAAGAGGACAGUCUUA,1
GAGACUCGUAUGUGCCGCCGCCGGCGACGCGCGCGUCGGUC,1
AGCGGGCUGUGGACCUCAUCCAGAAGCACAAGAGCAUCGAG,1
GGAGAACAUCCUAAAAAAGGCAAAUCAGAAGAGAAUGUUGG,1
CUCUUUAGAAAAGAAAGACUCAUAUCGGAAAGCCAUCGCCA,1
AGGUGGUUCUCUAACCCGAGCAGAUCAGGAAGCCGAUCCAG,1
UGACUGUAGUGAUAACUUUACAGAUGGAGAAAGAGUGAAUG,1
UUCCAGUCCGGGCCGUGACCCAGAACGGAAAGCAUGCGGUU,1
GACUACUGUAGAAUGACAUGCAGAUCCAAGGGGCCACAUAU,1
UGGAGCUUCUGGACUUGUAUCAGAUGGAGGAUGAAGCCUAC,1
AGUUUGAAGGAUUGUUGGCUCAGAUGCGAAAGGUAACUUGG,1
GCUUGAAUUAAGAAUGUUUUCAGAUAAGUACACGCCUUUGA,1
AAUCAGAAGAUGAAGAAUUGCAGUUGGAAGAGUUUCCCAUG,1
AUGGAUGCAAUACUGAAUUACAGGUCAGAAGAUACUGAAGA,1
GCUGUAGGGUGGAUCAUUCACAGAAUCAGAAGAGACUUUAC,1
GAAAAUGGAAGAAAAUAUAGCAGAUAUGGAAGGUGCACUGU,1
ACAGAGAAGCUCUGAUAGCACAGAUCAGCACCAACGUUGAA,1
ACUUGUAGUAGUAACGUCAUCAGAAGGAAGAAAUCUACCUU,1
GCGCUGCGAUUUCAGUAUCUCCCGCAGACGACGAUAUGGAU,1
UGGAAUGAACUCUGAUUGGACAGUCAGGAGAGCACAAAACA,1
CAUAGAUCAAGAAUCUGGAGCAGAUGGGAAGAGAUCAAGUG,1
CCAAUGAGGCGCUGAAGAAACAAAUCGAAGAGUUGCAGCAA,1
GUACCCCGACUAGGACGUUUCUUAAACUGAUUAAUUAUGCA,1
GGGCGAGAUUAUGAGUACAACAGAUACAGAGACUAUUACAG,1
GAGUCUGGCCUUAGCACAUGCAGAUGAGAAGUCCUUAGGUA,1
AAGAUGUGGAGCUCUCCUUGCAGAUCGGUGACACAGUUCAC,1
CGGAUGGUGUAAAGAAAUCACAGACCAAGGAGCCACCCUGA,1
AUGAACGAGAUUCCCACUGUCCCUACCUACUAUCCAGCGAA,1
CGCCUGAUGCCCUUCCGCCUCAGCAGCAAGUCCGUGGACUC,1
CACAGAACGAUCACAGCGUACAGACCGAGGCACAGAGCCUG,1
CCAGGAAGGACUUGCUUUGACAGAUAGGAGGGCAGAGGCCU,1
CUGGACAAGGCCAUGAGAAACAAAUUGGAAGGCGAGAUUAG,1
AACUGUGUCAGGAAGUCGCUCAGAGUAAGUAAAUUUGCCCU,1
UUUGUGAACUCAGCCAAGCACAGUGGUGGCAGGGCCUAGCU,1
AAAUGUUGGACUAUAUAUAACAGAUCAUGCACAGGUAUUUU,1
GAGGAGUGAGAGGACUGUGCCAGGUAAGCCCGGUGGUUGCC,1
GUCGGAAGCAGGGCCUGGCUCAGCACCGGGAGGGCGCCGCC,1
CAGCUGAAUUCCAAAGAGACCUGCAUUGACCUCCAAGCAAC,1
AAAAGCAUGGAUUCUGGAGACAAAUCGGAGCCCUGGCAUUU,1
UGUAGGCUCCUGGAACUAUACAGAUAGGUAAAGAGUUCCAA,1
GGAUGAGGAAGAUGAACAUUCAGAGGAGGAAGAAACAAGUG,1
GAGUCAUCGGACAGUGCGGACAGUGAGGAGGCACCAGCAGC,1
AUAAAUAAACCAAAGUUUAACCGAAUCAGUUAGGGAAAGUG,1
ACCUAAAGAAGAAACUCCGGCAGGUGGAAGAGCUGCAGCAG,1
UGGGGACAGAGGCCUGAAAACAAAUUGGAAGCACUCAGAGA,1
AAAAGCUCGGCUAGAAGAAACAGACCGGAGGACGGCAAAGG,1
ACGUGCAGCUAGGACUCACACAGACGAAAAGCACAGAGCCA,1
GUGAAGGAGGAUGCCUUCUACAGUUGGGAGAGUAGCAAGGA,1
GGACCUGAACAGCUGCCUGACUGCCUGAAAGGUUGUGAUGU,1
CGGGUUGCUUGGGAAUGCAGCCCAAAGCGGGUGGUAAACUC,1
UCUGAGGCCUGGAAGAAGAUCCAGCUGGGCAAGAUGCAUUG,1
ACCUGGGGGCUGUGGAGCUGCGCAUCGAAGAGCUGCGGCAC,1
GAUUUGCUGGCACUGGUGAACAGAAGGAAGAGCAAAGACAA,1
AAGAGCGAAAUGGAAUACUUCUUCAAGAAUGCGCAACUCAG,1
AGAGGUCAGCAGAAUAUACUCAGUGAUGGAAGACACUUGGG,1
AUGAAAGAUGACUGCAGAUGCAGAGGGAAGAGCUCGUUCAU,1
GUCUGGUAUUAGACAGGUUCCGGUCCUCGAAGUCCAACGCA,1
GUCCUGUGGCUCUCUGCGUCCUGAAACCAUUGUCCUGUCAG,1
ACUGACUCUGAUAGAUACACCAAUUUGGAGGAGGUAUUGUU,1
ACCCUGAAGAUCAGGAGCCUCCCCCUCGUACCGGGAGCCCU,1
CUGUAGAAAGCUUAAACUUCCAGGUAAAAAAUUUCUUAAUC,1
CAUCACGAAACUCUGGCAUCCAAAUCAUGAAGAGCUGCAGC,1
GGUGAUUGUGGCGCUCGCGACAGACAGGGAGGCGGUGGCAG,1
AAAGCCAAGAACUCAUAGUGCAGACAGAUGAAGACCGUGAG,1
CCACAGCUGUCCCUACGUAUCAGGUUGGAAGGUUGGUAUUU,1
CAGGACCUGGACCAGGCGCUCAGUGACGAAGAGCUCAACGC,1
AGGAUGAGGAACUCUGAAAUCAGAUGGAAAAGAGCGGUGUU,1
AUACUCAGAAUCCUGGACAGCAGAUUGGAGCCAGUGGCCUU,1
UUGGAAGAGGCGAGUCCGGUCUCAAAAUGGAGGUAAAACCG,1
AAAUUUGCACCGAAGAGCCCCAGAAACAGAAAAGCACACUU,1
CGAGGAACAAUUCUGGUAGCCCCGGGCGGGCGGCAGGUAGU,1
AGCAACUGUCUUAGACAGCGCCGCUGGUGUAGUGGUAUCAU,1
AGGACCAACCCUGAAAAACACAGCCAAAGGAAGAGCAAUCU,1
GAUUGAAGGCUGUAAGAGUCCAGAUGGUGGAGCCAGGCUGU,1
GGUGGCCCAUUCUGGACACACAGAAGCGGAAGGAACACAGG,1
ACAACGAGCUCCUGAGGCAGCAGGUGGGUGCGGGGCCUGGA,1
UCUCGGGAUGAGCUGAAUGUCAAAUCUGAGGAGCAGGUAUG,1
AGGAUUUGGCGCUGCAGAACCAGAUCCGGGAGCACGUCAUC,1
ACUUGGGGAGGGUGUGUCUACAGAUCAAGUUGGGGAGUUCU,1
UGCCCUGCCGCAAGUACGAGCAGAUCGAAGAGGGCACUGUC,1
UCCACGGGAAGAACCUGGAACUGGGGUAAGGAGGCCCCGUC,1
GAGCCACUGCAGGCGCAGAUCUUGGUGGUAGUAGCAAAUAU,1
UGCCUCGUCAGUACAGUCUACAGGUUGGUAUUUUCUGUGAG,1
UGCUUUGCUGAGUGGCCUGACAGAUCGGAACAGUGUGAUUC,1
UGAGGUAGUUUGCGAGUCGUCCCUCCCCCUGUUAGGCGAUC,1
CAAAAAAGUGCAGCUACACACCUCCCCGUCGGGGAAUUGAA,1
CAUAUUAGCACUUUAUUGCGCAAGCAGAGAAUGUGCGCGGC,1
UCGAGGAACAACCCGGAUCACUCGACAACAUGAAGAGUGUC,1
AACUAAUAGAUCGCUGUGUACGGGGCGCGGACCAGCACUAG,1
AUCAGGCCGCUCUUUCACUUCACUGGGCCCUUAAGAAAGGU,1
GAGCCCCAGUGGAAACCCUGCAGAUCGGCAGAGCCCAGAUG,1
CGCAUUAAAUUGGCAAUGAUCCUAAAAACUUGCAGGGCAGA,1
UUGGCGCAGGUUCUGAAGUGCUGAUCGGAAGAGCCCAGCAU,1
CUGUGGCUGAUUACUUCAAGCAGAUUGGUAUUAUUAAGGUA,1
GGCGUACUAGUCCGGGAAAACACUGCUACAUCAGCAGGUUU,1
GUCAAUGAACUCGAUCGGCACCAAGUUGGAGUAGGCGGCGC,1
CGACCUGUGACUCUGAACCACAGAACUAGAGCGACGUCAGU,1
AGCUCCUUCCCAUAGGGAGACCGACCAGUGGCCGCAGAAGC,1
CGCGGACGCAGACGCUGUUGCAGAGCCUGGGGGAGCUGGUG,1
GGCUGUGGACAUACUCAAGACAGAGCGGCUGGGACACGGCU,1
UGUUGGCUGUUCUGGGACCUCAGUAGGGAAUGGCUAUUUCA,1
AGAAAGGCUGACAGCAGCUCCAGUGAGGAAGAGAGCAGCUC,1
GGCGACCGCCUUGGUGGCAUCAACGAGGCGACCGUUGAAGA,1
GACUCACCCGGAGCUGGACACAGAUGGGGAUGGGGCGUUGU,1
CGAACCGUUGCCCACGCGUCCAGAACGUCACAUUGUUAGCU,1
GUGGACCAUGGAACCUGACACAGGGCGGAAGACCCCGUGGG,1
CGUGCCAGAUUCUCUCACAGCAGAUCGGGAGACAGGAUGUU,1
GCGCAGGACUCCUAUUGGCACAGAUCGAAACCAUAAUAGGU,1
UGAUCUCACUCACUCUAGAACAGAUCGCAGGAGCUUGGCCA,1
GCGGAAGCGCGCUCUACUUUCACAUCGGAGAGACGGAGAAG,1
GCCAUUGAGAUGGAACUCUCCAAGUACCUGCGGGAUUACUC,1
AUGAUCCAGUAGGGCUCCUCCAGAUGGAAGGUCUAUGAAGA,1
GCUUUUAGUCCUCCUCACCUCAGAUCGGAAUCAAUGGAGUG,1
GUAGAACACAUCACAGCCUUCAUCGUUUGACCCAGCAGGCA,1
ACAUGUGGCGUACGGAAGACCCGCUCCCCGGCGCCGCUCGU,1
GGAUCGUCUUAGUAGCUGGCCAGACCUGGAGGAGAGCGGGC,1
GUUGAUUCCUUAUCGGAGGUCCUUGGGUACCGAAGUCAGCA,1
CCCGCCAGAGGGCUUGUGAACAGACCGGAGAGGACAGUGGA,1
UAACUGAACACGAUUUUUAUCAAGUUCUGAUCGCGUCUAGC,1
ACUACAGACAUACUGGUAACCGGCAAGACCUGAAGCACGUA,1
AGAAAUCCAAGCACUGAGAACAGAUGGAGAGCACAUGAAAA,1
GUGGAAGCCUGUCCCGUUGUCAGAGUGGAAGGUAGGACUGG,1
UAGUUACAUAAUCGGAGUUCCUCAUAGAAAUGGGCCGCCGG,1
GAACCUGGCAAACAGAUCAGCAGAUCUUCAGGGGAGCAGCA,1
GUGCUUCGAGAUCUCGGACGCGGACACCAAGGAGGUGUUCG,1
CCAGAGUACACAACUCAACACAGAAAAGGAAGGCCAGUCAG,1
UUGUAGAAUUAAACUUCGGUCAGAAGGAGGAGCCCUUCUUC,1
CACGACCCGAAUGUGAAUAACGAAGGGAAUCACUUUGAUGA,1
GUCGGCCCACUCUGAUUAUGCAGAUGAAGAAGAUUCCUUUG,1
AUCCAGACCGUACUGAGUGUCAGAUGGAGAGGAUGCUUGGA,1
GCAGAGAAAAUACAGGACUCCAGAUGGGAAGGUUUUAAGAG,1
AAAGGAGGAUUGAGGAGGAUCAGAUCAAUAAUGGAGGCAAU,1
AUGUUUUCACUAGCGAGCGUCGGUAGAAAGGAACGCCAAAG,1
AAGUUCGACAACUCUGAAGACAGACGGAUUUCCACUCUAUU,1
AGGACAGGAAGAGCUCUCUGCAGGUCGGAAAAGCAGGUGCC,1
UGAGAAAGGAAGGCUGGAGCCAGAUGGAAGAGGACCUUGCA,1
AGACCUGGCGCGCUUUGAAGCAGAUCUGAAGGACAAGAUGG,1
GAGACUUUAUCAACAAAAUCCACGGAGCUCAACGCGCCCCG,1
GACUCUGAGAACAGUGGACGCAGAGGGAAGAGAUGAUCAUU,1
CCAGGCGCGAUCUCCUGAUGCCGGUAAUGCCCAUCAAGGAC,1
AGAAGAACCAUCAGAAUAUACAGAUGAAGAAGAUACCAAGG,1
UGCAGAUCUUGUGACAGAAACAGAUCACCUUGUGGAAGAUU,1
UUCUGCAAACCCUGUGAACUCAGGUAGACACACUGAGCUGU,1
CAUCUAUAGAUACACUGGAUCAUAUCAGAGCACUUGAUCGC,1
AUCAUCUUCGUUAGUGCAGACAGGUCAGUCGUGCCGUGAAG,1
CCAGUUGGCUGAUUAACUCACAGAUGGAAAGUGCUGGUAAG,1
CAACGUACCGUACCUUUCCGCUUUUCUUAUCUUUAGAAUAC,1
GGACUGGAAUUCUAAGGUAGCAGGAGGGAGAGACACACUCA,1
CUGCAAACAGCUAUAAGAGGCUCCAAAUUAAUCAUAUCUUU,1
AGUUGGAGGAGGCCAGACUACAGGAGGAAGAGCAGAAAAAA,1
UCAAAGGAUGGUCUCUGAGCCAGAUGGAAGAGCGGAUGGUC,1
AGCGCAUGGAACCUGGAGAACCGCUUCAGCGGCUGGUACGA,1
AGUCUCGGUUGAACCAGUCUCAGAGGGAGGAGCUAGGUCUG,1
AGCGGAAGAACGUGACAGCACAGAGCAGGAAGAGGCAGGGC,1
CAGAGUGUCCCCAUCCGUCUCCGAGUUCCUGCUCCAGUUAG,1
AUCGUUCUGAGAUUGAAACCCAGACAGAGGGGAGCACAGAG,1
UUAGAACGACUAGUCAUAAACGCUCUCGAAGUAGUUGAUAA,1
GCAGUGUGGAACACAAUGAACUGAACUCUUCCUUGACUGAC,1
UUCGUGAUCUGAGUUCAGACCAGAGCAAUCCAGGUUGGUUU,1
AUCUCGGUGACGCCGUCGUCCAGGUCUUCCGGGCCAAGGCC,1
ACUUGUGAAUUUUGAACCAGCAGCAAGAAGAGCAUCCAAUA,1
UGUGUGAGCCUGGGCAUUCCCAGAGAGGAAGGGCCGCUGUG,1
CGUCGGGAACGCCCUCCCUGCAGUUGAGGAAGAGCCACUUU,1
AGCUCCUGGAGUGGAUCCGGCGCACCAUCCCCUGGCUGGAG,1
ACGGGCCGGACUGGACUGUACUCAAUAAGCCAAAUUGAAAC,1
AACAAAACUUCGGAAGAAGGCUCAUACCAGCUUGGUUGAUA,1
AACUGGACUGUGUGGAACUGCACGUCCCUGCUGUUUCAGAC,1
GAAGACCCUGACCGGCAAGACCAUCACCCUGGAAGUGGAGC,1
AAAUUUGACCCUCUAGACCUCACGUUUGUUCCGGAACCCAU,1
GGUUUCCUGUACCGCUACUACACAUCGGAAAGCAAAUCCUC,1
AGUUGAACAUUGUGAACCUGCAGAUCACGGAAGACCCUGGC,1
CUCCUGUAGUGCUCACAGGUCCCAGCACCGAUGGCAUUCCC,1
GUGAUGCAGGCUGCUGCGAACUCAGCACAAAGCAGGUACGC,1
GGAUCUUGUUGAUUCUCUGUCAGAUGGGAAGAUUGCUUUAC,1
CGGAGCAGACACAGACUAUGCAGAUGGGAGGUAAGGUGGCC,1
GUUAAGGCGCCCGAUGCCGACGCUCAUCAGACCCCAGAAAA,1
UGUAGACUGCACAAUUAAAACAGAUCCAGUCACUGGGAGAU,1
UCGCAGUCCGACGAUCCUGACGAUCCCGACGACCCCGACUU,1
UUCCAAUAACGAACGAGACUCUGGCAUGCCAACUAGUUAUG,1
CCGUCAACCAGGAGAACGAGCAGCUUAUGGAAGACUACGAG,1
AGAAUCUAGGACCCAUUCCGCAGAUCAGGAAGAGUUCACUG,1
AUGACUGAUCAGACUCAGAGCAGAUGGGCAGGGCAGUAUUG,1
AGAAGAAAAAGCUGAAAAAACAGGUAAGACCUUGGUUCUUA,1
UCAUACCGGGCAGAGCAGUCCAGAACACGAAGGCACCUGGC,1
UCCAUCCCUCUUCCCCAUCUCUCAGGAUUGCCCCCGAGGUC,1
AGCUCGGGGACCGGCCUCUGCAGGUCGGGGAGCGCUCGGAC,1
CUAAAUUAUUACAGGCGCAUCUCCGUAAGGUGCAGGUGCUC,1
CAUAGAAGCUGCAGAGCUCGCAGAAAGGAUUGAGCGCAGGG,1
CAGGGAGAAUUCCGUGUAGACAAAGCAGGAUCCCCUACUUU,1
GGCACGUACAUUACGUACAACAGGAGCAGAGGGAGCAGGUG,1
AAGCAGGAAGACUCUGAGAGCAGUGAGGAGGAAUCAGACAG,1
CAGAACGACUGUGGGGACAACAGUGACGAAGAGAACUGUCU,1
AGACUGAAAGGCGUAAGAUGCGCAUUGCGUAAGAAGCUAGA,1
AGGCACGUCGGAAGUUCAAACAGAUCGUCACAGCUGUCUAU,1
AGUUCACUGAUGAAGUCUAUCAGAACGAGAGCCGCUACCCC,1
UGAGAUUGACAUUGAACCUACAGACAAGGUGAUGCAUGCCC,1
CACGUGGAAUGUGGGACGAUCACUCUGAUUGGGGCAACCAC,1
UAGGACUGUAUAGGUAGAUCCAGAUCCAGACUGUAAGAUGU,1
AGGAGUUCUGGGUCAAAGUCCAGAGGAAGAGGCCGGAAAAA,1
UUCUGGAGCCCUUUGUCCACCAGGUCGGGGGGCACUCAUGC,1
AUACAUGAACAAGUAAACCACAGGUGGGAAGUGUGUUUAAC,1
CACGGAUGCUGGUAUUUUAACAGAUGGAGAGACAAGGAAAG,1
AACCUGAAUGGGCGCGAAUUCAGUGGGAGAGCACUUCGAGU,1
CUGUUCAAACCACUGAGGAUCAGAUUUUGAAGAGAGAUAUG,1
ACCCACCAAUCCUCUACCCUCACAUACCACAUGGACCUUCG,1
AAGGACUGAGGUCAGUUCCCCAAAUGGAAGAGCACUGAGCC,1
GGAAACGAAGAAGCUAGACUCAGAUCAGGUAAUACAGCUGC,1
CACUCCAGAUGGAACUCCAGCAGAUCAUGAAGGGUGAAAGU,1
GGGACACCCUGAGCACCACCCAGAAGAAGAGCCUGAACCAC,1
CCGUGCUGAACGCAGUCGCGCUAUGUUUUGUUGAACCGAAC,1
CUAAAAUGGAAUUACGAUGGCAGAUCGGAAACGCGUUUAUA,1
GCUAGCUGUAGAGCUUGCAACUUAAUAGCAGCAGCUGCCCA,1
GAUGAUGUCGCUCAGACUGACUUGCUGCAGAUCGACCCCAA,1
UACUUGGCUAUUUAGUAUUGCUUGAGAAGGCCGACAAGUGC,1
GGCGGCGUCCAGUGAAACAGCAGUUGAACACGGGUCAGUCG,1
AGAGUGGGCUGCCGCAGCUUCAGAAGUAAAAGAGCAGACGA,1
GUAAUGGUUAGCACUCUGGACUUUGAAUCCAGCGAUCCGAG,1
GAUGCCCUGAAGAACCGCAGCAGCGUGGAAGUGCGCAUGGA,1
UCACAGAGUGAGAACUUCCCCACUGAAGAAGGAGAAAAGGA,1
GGAGACCCUAUGGGCGUCGACCACAGUAUUCCAACCCUCCU,1
UGGACUGGUGCCUUUGCAUUCAGAAGGAGAGCUGUCAGCGU,1
CAAAAAGGUUUCAGGUGGAGCAGAUCGGAGAGAAUAAAUAC,1
GCUCCUGCGAUCGAAGGGGACUUGAGACUCACCGGCCGCAC,1
CACUGUCAGAGGCUUACAUUCAGGUGGGUUGGCCACAGGCU,1
GCUGGUCUCGAACUCCUGACCUCAUGAUCCGCCAGCCUCAG,1
AAAAGCGACUGUGCCAAUUCCAUCGGUACCCCACGAGCAUC,1
UUCCUCCUAAUUCUCUGAUUCAGAUCGGAAGUUGCACCCAU,1
UUGGCCCCCAAGAAGGGAGACAGUUCUGCUGAAGAACUCGA,1
AGGUCAUUAACUGUGAGAUUCAGAGAGUAGGUGCACACGUC,1
GAGGUCAGAUAAAUUCUGACCAAAGGAGAAACUUAGGAUCA,1
CAGAUUGGACUAGUGGAACACAGGUUGUGGAGAGCCUUGAA,1
CUAAUGGCAGAGCUCUCUGACUUGGGUGUAUGCUGCCAGGC,1
ACGUAUGAGCCGGACUACUGCUGAUCAGAAGAAGCCAAGGG,1
UGUGUAUUUCGAGACCUCUGCAGAUGAUAAUGAGCAUGCUC,1
GAGGAAGGGCUCCUGACACACAGCGAGGAAGAGCUGGUGAG,1
CCAUGGCUGAAGAACAACCGCAGGUCGAAUUGUUCGUGAAG,1
CUUUGAAGAACAAUAUUAUUCAGACCUGGAGGCAGCACUUU,1
GGAACUUACAGGAGAUCCAGCAGGCGGGAGAGCGCCUGCGU,1
GCACUCAACAAGUGUGUGAACAGAUGGAGAGCCAGCCCUAG,1
CGAGUCUCAGUGGGAGUUUCCAGAUGGUGAAGAGGAAGAAG,1
UGGAGAACUCCAGAACCAAGCAGAGAAGGAAGGGACCCAUG,1
UAACUAAAUUAGCUAGAGCUCUAUAGACUUAGUGGAUUUUA,1
CGAAGGGUAUGUGGAGUCUCCAGAUCUGGGGAGCCCCGUCA,1
UGGUUUUAUUUUUGUAGGCUCAGAUCACCAUGAAAGUAAUC,1
ACCGUUUACGUCGAAGCCAGCUUCCCGACUUCUGGCCUAUC,1
CUUUUACUUCUGACCCAGAACAGAUCGGGAGCAAUGUAACU,1
UACAGCUUGUUGUGUCCGGUCUCAAGAGGCGCCGCGUGCCG,1
CCGCCGCCCAUGUCCAUCGCCCCGCGUCCGCCACCAUUUGU,1
UAUUUGACAACCGACGGCCGCUACGGUCGUCCGACGACUUC,1
AAGUUCUGGAAUGCAAAAUACAGUGUGAAGAGAACCUCACC,1
UGCGUCCCAGGACUGAGACGCAGGCCAGCCCCGGCCCCUAG,1
GGCGUAGAGCACUGCAGCAGCAAUGACGGAGGGCACGUGAG,1
CUGAAGGUGAGACCGCUUUGCGGGUGGGAAGAGCACACUUA,1
GGCGCCGCGCUGCAUCUAUGCGGUGAAGACGCAAAUUUACA,1
AGUUUGGGUUUGUGGAUGCCCAGAAGGAAGACAUGCCCCCA,1
CCGGUUUGUGACUCGCGCGUCAGUGGAAGAGCGAAUCACAC,1
GCUGUGGAGUCUCUGAGUGGCAGCUGGAAGAAGCACAAGUA,1
GGAAAAAAGUAAGACUGAAGCAGACAUGGAAGAGUAUAUAU,1
GCGCGAGCGCGCUGAGCAGACAGAGCGGGAGAACGCGUCCU,1
AAGAACUGCUGGGAGGAUGACAGUAAGUCUGAUUUUUUUUU,1
UCCAAGAGUACUGUGUCUUCCUGUCCUGCAUCGCCAUGAUG,1
UAGCAAGAAACUGAACGUCACAGAACAAGAGAAGAUUGACA,1
AAGAUGAAGACUAUGAUGAACAGGUCGAAGAGUCACUACAA,1
GAUGAGCCUCGGUGAUGAGACAGACGGGAGAGGGCACCCUA,1
CGCAGCUGGACUGACAGCCUCGGUGAUGAGGGACCCUUCGU,1
CCCUCCCGGAUCCGGGCCGUCACGAGCAUGUUGUCGGGCGG,1
UUGUCUCCUUGAACUUGAGUCAGAUCAGAAGGGCUUAUCUG,1
UGUGUUGGUCGGGAACAAGGCAGAUCUGGAGUCACAGCGCC,1
AAAGAGCGAUGAAUCUAGCACAGACUUGGAAGAGCUGAAAA,1
UCUCGGUCGACCUCCAAGUCCAGAUCCGCACGAAGGUCCAA,1
AGUCGGACAAUAACAUCAGACAGAUCAACCAGGAGGCAGCA,1
GAAAUUGUGUUCUUUGACAACAGAUUGGAUCUGUAAUGUUG,1
ACUCAUGGUGUGAAUUCUGACAGAUCAGGGAGAAGUUUUUC,1
GGCCGGUACCGCUGCGAGCUCAUCAACGGCAUCGAGGACGA,1
CAAAUUUGAAGAACUCUUUCCAGAUUGGAUAUUCCCAUCAG,1
GGAGGGGGAGGUUUACUCUGCGGAUCGGGAGGACCUGUAUG,1
AGUCCGGAAGGUGGAUCUGACAGUUCAGGUAAUAUUUUGUU,1
CUUGAUAUAAAAAUUUAAAUCGGUAUGUCAGGCGGGCAGGC,1
CUGAAGAUGGUGAUGCAUGCCAGAUCGGGAGGCAACUUGGA,1
GUCACAGCUGCUGCUGAGCACAGACGAGAGCACCUUUGAUG,1
GGGCUUAGGGCUGCAGCAUACAGAUCUGGGGGAGACACACG,1
AACUUCAGGACCUGGAACUGCAGCUGGAGGAGCGCCUGCUG,1
UCGGAUUCAAAAGAAGUGGACAGUUCAGAAGAGAGUUCACA,1
GUCACUGAUAGAAUCUACAACAGAUCGACAGAGUUACAGCU,1
UCACGUUGAUGUCAAGACUACCGAUGGUUACUUGCUUCGUC,1
GAAUUUGUUAACUCGGACUACAGAAGGGAAGAAAAGGCAGC,1
AUCCUAGAGGAACUCAGAACCAGAUGGGAAAGCACAAUGAG,1
GUGCUGAGCAGAAAACAAAACAGGUUAAGAAGAGCCGGGUG,1
UGUUGGAGAACACCUGGAUUCAGAUAAAAGAAGAGCAGAAG,1
GUCAGAACGAAGCCCUGUGGCUGAUCGGAAGCAGCCUGUUC,1
AAAUAAGAGAACUGGAAAAACAGAUGGAAGAUGCUUACCGG,1
AGCCUGUAUGGAACUUCAAGCAGUAUGGUAGAGUACACUUA,1
GAUGAAAGGGAAGCUGGCAUCACUGAGAAGGUUGUUUUUGA,1
AGGCUGUGGAGUCCCUGAGACAGAUCUCCCAGGAGCAUACU,1
AGACUUGAGCUCUCCUGCUACGCUUAAUGUGAAAAGGCGGU,1
GACUGCUUCAGAGAGAUGUUCAGAUCAUUCUGGAGAGCUGC,1
UCGACUUCGAGAACUAGGACCAGAUGGAGAAGAGGCAGAGG,1
CUGGGCUGAGGGCCUGAAGUCAGGGCCGGAGGAGCAGCCUC,1
GGUAAGGGAAGUCGGCAAGCCGGAUCCGUAACUUCGGGAUA,1
UAUGCCAGCCUGCUGCGGGUCCAUUCGGACCGCAGCCCCGG,1
CAUGGACAAGAUCGAGAGCCCAGAGCCGGAAGACACACAAG,1
GCUGAGAGCAACAUGAACGACCUCGUCUCUGAGUAUCAGCA,1
UGACUGAGUCUGAGAAAAGGCAGAAGAAGGGGGGCACAAGG,1
CAGCAGUGGAGGAGGCGUGACAGGCUGGAAGAGCAAAUGCU,1
AGGCUCUGGACUGGAGCUCUCUGGCAUGGGGGUGGGGCCUC,1
CCAAGACAGCACUCCUGAAGCAGAUGGAAGAGCUGAUCGAG,1
CAGUAGUCAAUCACCGUGAGCCAGUGAGGCGUGCCAUGAGC,1
AGAUACUGUCCGUGAACAUGCAGAUGGAGUAGCCACCCAAC,1
GACACUGAUUGUCGUCCACACAGAUGGGAGCAUCGUGGAGA,1
AAGGAAGGCUCUGGAAGUGGCAGAUCGGAGCAGCCGCGGGG,1
GCUGUGAGCUCAGACACUUGCAGAUCUCUUAAGUAUCCUUA,1
CAGCUGGAUGAUCGCACAGACUGUCACUGCUGUUGCCGGGU,1
AGAGGAAUGAGAAGAAGCAGCAGAUGGGCAAAGAGUACCGU,1
GACCCUGCACACUGAAGAUACAGAUCACCAGCACACUGCAA,1
AAGCUCUGAGUGCUCUGACACAGACUCUGAAGAGCAGGGAG,1
CCUCUGAAUCUUGGUACAUCCAGAUCAGGCAGAGUGCGUAA,1
UCGUAUCGCACAGUCUCCUACAAUUUCUUACCUAUUGGCUG,1
GAGGCCGGACCCAAGGAGAGCAGUGAGGAAGGUGGGUGGGG,1
CUGAAUGACUGGGGGACAAGCAGAAGUGGAAGAGAUCUUUC,1
UAGGCUUUUGAGCUUGAACGCCUGCGUGUGAACAGAUGAAA,1
GUCGUACUGGAGAACUGAGGCAGUUCGCGGGAGCAAGUGAA,1
GUCAGACGCAGCCGUAGACACCAGCUCCGAAAUCACCACCA,1
GGAUGUGGAACACACAGGACCAGAAUGGAAGCGUGUGAUGC,1
AGGGAUGUUUGGAAAAAACUCUGAAGGAGAGGAGGAAUUAG,1
AUCAGCUGUGGGACUACGACCAGGUCCGGGAGAGCAACCUG,1
CUCCGGGGCCCUUCCGAACUCUAUGGUCCCACGAUGAUGAU,1
GCUGGACACGUAACCUGGAGCAGAUUGGAAACGUCACCCCA,1
GGUUAAGCCCUUGAAAGGCGCAAGGACGGACUUUAGACGAA,1
GACAUGACUGGUGCCCUGAUCAGAUUGGACUAUGGCACAGA,1
CUUCUCUUCUCCUCUCUCAGCUGCAGGAGGACGAGCUGCGG,1
UAUCGCAACUUUGAGCAUCUCAGAUGGGGAAGGCACCUUCU,1
GAAUUAGGCGUGAACUUGAACCGGGUCCAGGCUAUAGCCGG,1
AUACUGUGGGAAACGCUUCACACGUUCGGAUGAGCUACAGA,1
GGAGUGCCAGGAGUGGGUUCCAGAUCGGGAGAGCUACGUGU,1
GGCUGAAGAAGGCCAACCUGCAGGUGGGUGCCAGGACUUCU,1
ACAGAUUGAGACUCCAGAAGCAAAUCUUGAAGAGCGAAAAG,1
AAGGGGCCCCCGGACUUCUCCAGUGACGAAGAGCGCGAGCC,1
UUAGGCUGUAAAAACAGAACCUGAGAAGAAGUCACAGUCAA,1
UGCUUGGAACUGACCUAGCUCGUGGCAGGGGGAACUCGGCU,1
CAAGGACAAAGUUGACCACACAGUGAAGGAAAACACAUUCC,1
GGAUCCGAAGAGAACGAGACCGCAUCGGAAGGCUCGAGUCC,1
CUACUCAGACUGGGAAAAUACAGAUUGGUUCAAAGAAACCA,1
GUUUCACGCCCUCUUGAACUCUCUCUUCAAAGUUCUUUCCA,1
CGGGAUUUCGUCUAAAAUGUCGAGAAAGUUCUACGCCUUUU,1
AAAUGGAGAAAUGAUUCUAGCAGAUGGAAGACGCAUUGUUG,1
UUUUCUCGCUUUUCACGCCGCUGAGCAAUGCGGUAAUUUCC,1
UGAAGCGGAUUAACCGAGAGCAGUUCUGGGAGCAGGCCAAG,1
GUUGGUCAUGACUCCAAGAGCAGAGCAGGGAAGAGCCCAAG,1
GGAAGGAUGAGAAGACCGCCCAGACGAGGGAGAGCCACGCA,1
AUGGCGGAUUCUGAGCGCCUCUCGGCUCCUGGCUGCUGGGC,1
UGUAACUCAGAGACCACUAACGUAAGCACAAAUAAUGUUUC,1
GCUAAGAUCGGGUGUAGUAUCUGUUCUUAUCAGUUUAAUAU,1
ACACGGGAGAGCUCUGAGGACAGGACAGGAGAGGACACGGC,1
AGCUGGUGGAACAAGUGGAGCAGAUCCAGAAAGAGCAGAAC,1
CAUAUGUGACCCUGAAAGUACAGAAUGUGAAGAGCACAACU,1
AUUCUACACCUCUCAUGUCUCUUCACUGUGCCAGAAUAGAG,1
AACACGGCAGGAACAAGGUGCAGAAAAUGAAGAGCUUCAUC,1
AAAGGGUUUCUGGGACUGAACAAAAUCAAGGGGCUGGCUCG,1
AACGGGCUCCUGAGCUACUACAGGUAACUGCUUCCGGGGCG,1
CUAGAAGUAGAACCAGUAUCCAGACAGAAGAAGAGAAACUG,1
CUAGCCGCUUUUGCUUGUUCCUCUAUGUUGUCCGAUUAGCA,1
CCGUGAUGUAUAAAGCUCUACACUCGAGGGCCCCGCUCAUA,1
CUGUCACUCUAGAGCUCGGUCAGAUGGAAGACACUAUAGAA,1
UCUGCGGCGCUGUCAGGAAUCAGAUCGUGAAGAACUCAACU,1
CGCCGACAUGGAGCUCGAUUCAGGUAGGUUUCAUCCUAUGG,1
UGCAUUGGCUUUCGGAACUGCUACUAGAGACAUACAUGAGG,1
GGCCUGUUAGGAGGAGUUUUCAGAUCCCCAGGAAGAGCAGA,1
GCCGGGCGAAUGGCCCGCAGCGGCGUCUGACUGAUAAAUUU,1
AAGCCAGUAGAUUCUGACAGCGAUGAUGAUCCCUUGGAGGC,1
GAGAAGACCAUAGCAUCUGACAGUGAGGAAGAAGCUGGGAA,1
AGCUGAUGAAAGAGAGCUUGCAGACCGGAGACCUUCUGAGC,1
UCGUUAUUUUUUAUUAUCAACAAGCCGGCUCAGGCUAGAGA,1
UGACCGAUGAAGACUUUGACCAGUUUGUGAAGGAACACUCC,1
AGGACAGCUGAAUGAGUACACAGAACGGAAGGAGAUGUCAG,1
CCGCGCUGGCUCCCCCCCGGCGAUUGUGCGUGACCGUGCAU,1
UGCCCCUGUAGAGCUCCUGUCUGGUCAGGAGACACACAGAA,1
CCGGGAUGAAAUGGUGGCAACAGAACAGGAGAGAACACCCC,1
GAGGACUGGAUUUCCCUGUGCCUACUUCAUGAUCAUGAAUU,1
CUGGUCCUGGACAAAGAUGUCAAAUCGGAAGUUGCCAUGCU,1
CCCUGGUCCCGUAUAACAUGCAGAUCGACUUGGUGGAAGCA,1
UCCAGGAAUCUGAAGAACGACCAAAAUUAUUUGAAGAACUA,1
AGAAGCAGCAGGAGCUGGUGCAGAAGGAGGAGAGCACGGUG,1
GACUGACCCUACCACACUGACAGAUGAAGAGAUAAACAGAU,1
UCGCUACCAUAGGAGCUCCCCUUAUCGAGAGAGGACGCGCU,1
CAGUCUCGGACGGAUCUGCUCAGAAAGGAAGAGGCAGGCGC,1
UAUUUUGAAGAGCUGAUCACCAUGUUGGAAGCAGCACUGGG,1
CUGAGGACUGCUGGGAGCUACAGAUCAGCCCGGAGCUACUG,1
UUGAUGAAUGAUGUCUACUACAGAUGCAGAAGAAGAAGCAC,1
CGAGAUCGUUAUGAUUCAGACCGGUAUCGGGAUGGGUAUCG,1
AGAAACAGAAGGAAAAUAAGCAGGUGGAAGAGAUCCUCCGU,1
CCCCUCAGCCCUUCCCAUCACAGUGUGCACCAUCAGUCCAC,1
CCCUCAAGAGCCUGAGCCAGCAGAUCGAGAACAUCCGGAGC,1
ACGCCGAAUGGAGUUGAAAGCAGAUCAGCUGUAUAAACAGA,1
AUGUAAAGCUCUGGGCCACUCAGAUCGGUGCUGGAUGCCUU,1
AAGCUCUGAGGCACGUCAUGCAGGUCAAGAAAGCUUUCUUU,1
GAAUUUUGUCCUGGAUAACACAGAUCGCAAGGGUGUCCAUU,1
CAGGUGGCUGGUGGUACGUGCAGAUCGGUGAGAAGGAGGGC,1
GUGCCACCUACUAUACUCGCCUCUCCGGAAUCGCUAGUUGC,1
AGGAUGUAGUAGAGGUGAAGCAGAGAGAAGGCACCUGGCCU,1
AAUUGGAGCUCUGGAUAAUGCAGAAUUGGAAGGUUCUAUUC,1
AACCUAAGGUGAAGAAACUCCAGUUGGAAGAGACAAUGCCC,1
UGCUACCUACCUACGCACCGCCGUCCCUUGGUCGCUAGUUG,1
CGGGUCUGGAAGGAAUACAGCAGUUCGAAAGCCGCGUCCAU,1
UGCAGUGAUGACUUGCGAAUCAAAUCUGUCAAUCCCCUGAG,1
CUUGUUAGUUCCACUUGCUCCACACUGAACCUCCAGGCUGC,1
GGUGGACCUGGAGAAUUCUGCAGAUUGGGAAGUGAAGACAA,1
AGAAGUGUAUGUAAAUACAGCAGCUAGUGGGAGAGCACCAG,1
GAAGAUCAAAGGCUGCAGCCCAGAAGGAGUGCACGGUAACA,1
CAAGUAUCCAAGCUCUGACACAGGUAAUGGGUGUGCUCCCG,1
CUCCAAGUGUGUGGAACAGCCAGAACUGAAGGGCCACGACC,1
UUGUUUUAAAUCGUAAGUUACAAGAAUAAAGCGGGCCUCUU,1
GAUGUCAGGCUGCAGAACCACAAAUUAUUACAGGUAUGAUC,1
UCGUGCCGCUGAGCCUGGCGCAGAUCGGUGAGUGCCCGCCG,1
GCUGUGUCGGUACUGCGAGGCAGAGAGGAGGGCCCUGCUGC,1
GGAGGGAUGACUUGGGGGACCAGAGAGGAAGAGCAGGUGAG,1
CCAACUGCUUAGAAGCCCAACACAACCCAAAGGCUCUUUUC,1
AAGAGCGUCUUGAUAAUUGUCUCCAGGCCUGGCCGUGCGAU,1
AACUCUGAUAUGAUGGAAAACAGCAAGGAAGAGGUAAGGAU,1
AACCACAGCCCUGGAGAUGCCUGACCGGGAGAACACGUUUG,1
CAAAAGAACUUGAAAACCGACAGAAGAAACUGGAGCACGCC,1
AGACGAAUUUCUCCCGACUUCCUCCAAUCUCUACAGCCGGA,1
AGGACUUCUGUAGAAUGCAUCAGUGUGGAAGGCAGGAGGAA,1
CAACCUCAAUGUCUCCGAAGCAGAUCGGAAGUGUGAGGUGA,1
CCCUGCAACGUCGAGGAGCGCGCGACUUCGCCGACGUCGUG,1
GAAGAUGGAGGACUUUGCCACAGACGGAAGAGAGAAAGUGG,1
UGACUGGACAAUGUCUGAGCCAGAUGGAAGAGCUAGUGGUU,1
CUGUGUCCCCUGUAGACCCUCAGAGUUAGAAGGCACUAAAG,1
CUGAGAAACGGCUACCACAUCCAAGGAAGGCAGCAGGCGCG,1
ACUGAAGAAAUCUGAACUCACAGAUCGGGGUUUCUCCACCU,1
UCGUGGGCAACAUCCGGAAGCAGAAGGAAGAGAUCACCAAG,1
UUAGUUCGAUUGAUGUUUACCAUGCACAAAAGCAUUCUAUU,1
AUGCGGGCUAAAGAGCCAAACAGAAAACAAGAGACACUAGG,1
AUGCCGAGGCUGCAGCUGUGCAGGUCGGAAGACAGGCUGCA,1
CCCCACUGUGCCUGUGACUCCAGGAGGAAGGGGCACGUUAU,1
CCGAGGGCAAAAGGAAGCUGCAGAUCGGGGUCAAGAAGCGG,1
UAUGCAGGACUGAGGGACAGCAGAAGCGGGAAGCAACACUC,1
AGGGCCUGUGCCAAGGCAAUCAGAUCUUUAUGAGAGCAGUA,1
GGGGAGGACUCUGAUUCAGACAGUGAGGAAGAGGACGAUGA,1
AUUAGUGGAUCCCCUAACAACAGUGAGAGAGCAAUGCGAGC,1
AUUUUGUAGUACACAUGAAGCAGAAGGGAAAGAAGUAGGCA,1
AAAUGAGGAGCCAAUGGAAACAGAUCAGAAUGCAAAGGAGG,1
UCAAUGCGUGCGCUAGAACCCAGAUGGGAAGCUUUUUAACG,1
GACCUGAAGCAGCUGUUCAUCGGGUCGGAGGGCACUUUGGG,1
AAGUCCGACCUCUGUGAGAGCAGGCAGAAGAGCGAACAGCU,1
UUUACGAGGAUGUAGAGCGACAGUGGAAGGGGCAUGACCUC,1
UGGAUUAUUCUCUGAAAUAGCCGGACGUGAUCGGUGCCCAG,1
AAGCACCACUGUGUGAGCAACAGGAAGGGAGAGCGCACGAG,1
AUCUCCAUGAACAGUCCCAGCAGAACAAGAGCCAGUGUUGU,1
UAAUAAGUGAACUCGACCGACAGAUCAGAGAGAUUUUGGCA,1
UAACACCAGGACGUCCUGGACAGACCAGGAAGAGCUCGUCA,1
CUCGUACGAGAACCUCAGUGCAGAUGGAGAAGGUGCGUGUG,1
UUUGGACAUACGAGGACCCUCAGACCGGAGGAACACCUGCC,1
GUUGCCCGGAUUUUCUGAUGCGAGAGUUCUAGCAGUAAGGC,1
UCAGCAGAGACUGAUCUUUGCUGGCAAGCAGCUGGAAGAUG,1
UUGAGGUACUGUGGGACUUCCAGAGGGGAGAGCAGCUAUUU,1
AUGACAGUAUGUGGAUAGGACAGAGGUCAGGGAGGGCACAG,1
ACUCAGAAGCACCUCCCGAGCAGAUCGGAGCCCCAGCCUCG,1
UCUGGUGAAAAAAAGAAAAACAAAUUGGAAGAGAGGACCAU,1
AGGAGAUGGAGGCGCUGCGGCAGGUAGGUGGGUGGGCCGGU,1
AGCUGGACCUGAUAGCUGUGCAGAAAGUGAGAGCAGGGGCA,1
UUCAGGAAACUGUGGAAAAUCACUUGAAGAGUUUGCUGAUC,1
AAGCUCUGAGCUAGACACACCAGCUUCAGGAAGAGUACCAG,1
CCGGGACGGUAGCUGCGGUGCGGACCGGAGGAGCCAUCUUG,1
GCUGGAUUAGAGAGCUCGACCAGAUCAGAGAGUGGGACAGA,1
GGACAAGCAGAGGAGCUGGCCAGGCAUGAAGGCACACGUAC,1
AUAAUUUUGGAAGUGAGCAUCCUGGAUCAAAGCAAGAAUUU,1
ACUGAGAAUCUGGAAGAACACAGAGAAGGAGAACGCAACAG,1
UCGGCUACUUUUGUAAACUUCAGAUUUGGAGAGAAACACGA,1
GGCUGGAGAGGACAUUGCUACAGAGAGAAGAGCUGUUUUUG,1
UGGGGUUUCCUUCCGCAUCUCCACGGUUCCAACUCCAACCU,1
AAGAGCGGGCGUAUGUGGAGCAGAUCGAGAAGGCGUUUAAC,1
GCAAUGGACUGGCAACUACUCAGGUGAGAAGAUAAUAAUAC,1
AAGUGUGGAACCUCUUCCAGCAGAUCAGUGUGAAGGCCAGC,1
ACUGGAGUCUGAGCAAGUCCCAGGUCAUUGCAGAGAAAGCA,1
UUGGGCUACUUCCACAGCGUCUCAGCGACGUGUAGGGCGCG,1
AGCUGUGGAUGAUGAAGGGGCAGAUCGAGGAGCAGAAGGAG,1
CGUAGGAUAAAGCAUAAGACCUUUGGAGCCGGGCUACAGAU,1
UCGAGAACACAAGCAGCGUGCAGAUCAUCGAGGAGCAUCCA,1
UUCUGGCUCGAGCUGCCAGCCCGACCAGCCAGCCUUGACUC,1
ACACCAUGAAGCAAGUUUAUCAGAUCGUGAAGCCCCUCAAC,1
GAACGAAGGAUGAGAAGUGGCAGUUCAGAAGGGCACAGCUG,1
ACUCUGGAUCAAGUAAGGAACAGAUUGGAAGAAGUCUCUCC,1
GGUCGACGUGCACGAGGACGCUUGGUGAUCGAGCAAAUGCA,1
GACUCAGAACCAGACAAAGACAGAUUGGACAUACCUAGUUG,1
AACUGGCAGAAAUUGUGAAGCAGGUGAUAGAAGAGCAAACC,1
ACAGACGCCACACGGAGAAGCAGAAGGAGAGCACAUUGACC,1
CUCUUCUGGACUCAGGAUCGCAGAUCCGGGGCACAAAGAGG,1
UCUUCGGGUACAACCCUGAGCAGGUCGGGGGACACAGGGCC,1
UAUUCGUUGGGGAAUAAUGGCAGAUUGGAAUAAUUGCUACU,1
CAAGAUGGAGACCCCAGUGACAGGAUGGAAGUGCAAGAGCA,1
CUGAUUUCAGGAUACUCUGUCAGAUGGGAAGACAUGAAUGC,1
ACUGUGGGAGGUGACUGUUACAGAUCGGAAAACUCUGAUUG,1
UGAAUGGGAAUAAGAAGGCACAAACGGUGUCUGAGUAAACA,1
AAGCUGAGGACCGCUGCAAGCAGGUUAGGGCCGGGCCCAGU,1
AGGAGCAGGGGGACGUGAUCCAGAUCAAGCUGAGCGAGCAC,1
UGGGUCCCUGGGUGACAUGUCAGAUCUUUGUACGUAAUUAA,1
UGCGUCUAGUAGGAGGGCCGCUGCGGUGAGUCUUGAAGCCC,1
ACAAGCAGGACUGUGACUCACAGGCCGGAGAGCAUCACCUC,1
ACUAUAACUAUGAAUUUGCACAGAUGGAAGUUAUCAUGAAA,1
CCCCCUCCUAUACCGUGUUGCCCCCCUUGCCCGCUGCUGAG,1
CGGGUUCUGAGCCCUGGCGUCAGGGAGGAAGGGCAUGUCCA,1
AGGCUUUGUUACUGAUACCUCAAAUCGGAAGUUUUAGUUCU,1
CCAACCGCAAUAUCUGUUACCCGCUACUGCAUGAAGUAAGG,1
GCCCCUGAGAGCUCAGAUGACAGUGAGGACAGCAGCGACAG,1
UGCUUUUGGAGAAGGAGGAACAGAUGGAUGGCACCGUCACU,1
GUGAGGACUCAUCUGUUACCCAGAUCUACCAUGCAGUUGCA,1
CUGACUGUAAGAAGGUACACCAGAUCGAGCUUGCUCCCAGG,1
UACAGAGGUCCUGGGCAAAGCAGAAUGGAAGACACACGGGA,1
GUCCCGUGGCUCUGAUUCCCCAGCAGCUGAUGUUGAGAUUG,1
UUUCGGAGACCUGAAAAGCCCUGCCGGCCUCCAGGUGCUCA,1
UUGAUGGGAAGAACUCUCACCGUUGAAGUGUCAGUAGAAAC,1
GACUGAACAUGAUGAAGAAGCAGAAAGUGAAGACCAUCUUC,1
UGCUCCUGCAGAGCAUCGGGCAGAACACAGGUACCGCGGGC,1
CGGACACUCAGGGAGUCAGACAGCGCGGAAGGCGACGAGGC,1
CUGAAAUGCAACAAUGCAUACAGAUGGAACAGAAAAGAUGG,1
GAGAGACUGGACAUACUGCUCAGAUCGGGAACAAUGCAAAG,1
CCCAAGAUCCCAAAGGGUGUCAGCCAUAAACUUGAUCGACU,1
CCCUGAGGACACAGUGCACCCCAGGACCUUUGACACCUGGG,1
CUAUAACUUCGAGGACCUUACAGAUAGGAACAUGUAACUAU,1
GUGCCGGCCUCUGAGCAAGACAGUGCGCUUCAACGUGCUCA,1
UUUUAACUCUAUGACAGCUACAGUAGGAAAGCCACAGAAUA,1
CCACAAGAGAGUUGGCUGUGCAGAUCCAGAAGGUGAGAUGG,1
GGGAUUAAAACCCCAUCUUCCAACUCUUGUAUGGCGGCGUC,1
UAGGUGCGCUUGUCUUGAGUCGUAAGCCCAAAAAAAGUUUG,1
CACCUGUGGAAAAUCCUGCUCAGAUCCGGGAGAUGUUUGAU,1
GAUGAUGCCGGGCUCUGACCCAGAAAGAAGAGCACAAAAUC,1
AGGAACGAGAGAAGCAUUUCCAGAGAGAAGAGCAAGAGCGC,1
AAGGGUUGUUUUCAGAUAAUCUAAAAAGACCUCUGAUUGUG,1
AGCGCUUUCAUAGAGGCACUCUCCCCUUCGCCUGGCAUUCA,1
UGUUAAUAAGUUCAGCGGGGCGAGAACUAGCCGCGCUAUCU,1
ACGUCUCACCAAGUCUCUGGCAGAUGUGGAAAGCCAAGUUU,1
CUUUGAGCAGAAACAAAUGCCAGACGGAAAGCUGCUGGUUG,1
AAUCGGACCUGAACAUGCAACAGCAGGAAGAGGAGGAGAAA,1
UGAAACUCUCUCUGGACACACAGAUGUAAGACACUAUAUUA,1
UCUCUCAGUGACUCUGGAACCUGAAUGCAGCUUACAAGACA,1
GUGUCCCGGCUGCGGUCGGCCGCGCUCGAGGGGUCCCCGUG,1
UGGAACCAGCCCAGUACGCUCUUUGGAGAGAUAACGUGACG,1
AGGAAACCUUCAUCUUUCACCUCCAGCAUGAAUCUAGACGC,1
GAAAUCCAGGAGAACCUGCUCAGCUUGGAGGAGACCAUGAA,1
GGACCAGGAGGACGAGAUCUCAGGUGGAGGGGUGGGGGUGG,1
GAAGGAGGUGGGCAGGGAACCAGAGAGGAAGGGCAGCAGGU,1
CUGAGGAUAUGAAGUGAAGGCAGGUGGAUAGAGCCAGGUCU,1
UUUGGUAAGCAGAACUGGCGCUGCGGGAUGAACCGAACGCC,1
GAGUGUUCCGCGGCCCAAAGCGUUUACUUUGAAAAAAUUAG,1
AGUGGGCAGGGAAGACAUAACAGAUGGAAGCAAAGGAAUCC,1
CGUGAACGUAUAAGAGUAGGCAUUGCAAUCGGGCUAGAGCA,1
CGAGCUGGUUCGUACCAAGACCCUGGUGAAGAAUUGCAUCG,1
AAUGGCAGCAAAGGCUGUAGCAAAUACAAUGAGAACAUCAC,1
UAGGAUUUUCUUAUUAACGUCAAUUUAUGCAUUGCAGUUAC,1
AGAGAUUCUGAAUAACUUAGCAGAUCAGGAGUUACAACUCA,1
AGGCACGGGAGCUGAUCGAGCAGAUUGGGUGAGUGCAGAAG,1
CCUUUGAAGUUCUCGUUUACCCAUCGAACCCCUGCCUCGAU,1
GAACGCCUCGGACCUGAGUGCUCUCCAUAUUGUGGGGUUGA,1
AUCUGAAGGUCUGGACAAGCCAGAUGAAGAGGACAAUCCAG,1
AGAACCUGGGUAGCGUGAAGCAGUAUGUGGAGAGCAUAGAC,1
AGAUGCGACUGCAGCAACUGCAGAUGGAGAAGGAGAGGCUG,1
UUGGAGUUUGGAACUCUACCCUGGUAGGAAAGCACCGCAGC,1
ACAACCGGACGUACCACUUUCAGGCAGAGGACGAGCACGAG,1
AGAAUCGGCUGGAUAGUCCACAGAUCCGGAAGACUGCCACA,1
UGUUGGAAUAUGACCUACAGCAGAGGGAAGCAGCCACUAAA,1
AUGCUUCUAAACGGACUCAGCAGAUGCGUAGCAUUUGCUGC,1
GGCAGAACCACCUGUUCGAGCAGUAUCGGGAGAAGAGGCCU,1
CGACGGCCAACACGCCGGCCCCAGGUUCAGCCGAUGUUGCU,1
GAUGAGUCGCUGUUUGGCUCCCGAUCUGAAGGCGCCAGCUU,1
UGUUCUUGGAAUCUGUAGACCAGAUCGGUGGAGGUAUAGAA,1
GAACGCUUAACUAGAAUGGUCGAGUAGCUAUUAGCCGUGAG,1
GGCUUCGGCAGCGGCUUCAGCAGAUCGGCGGCAUCAGCGGU,1
GGAAGACUGAGAACCUGUCACAGAUUGGAGGAGACUAAGGA,1
GAUCUGCAACUAGACGAGAUCGCUAGUGGAUGACCUGCUGA,1
UCGGCAAGGAGACCGGACAGCAGAUCGGCGACGAGGUGCGC,1
UGCACAGGAAGCUCUGACCUCAGAAUGGAAGCCAGGCCACC,1
GGCGUAAUUGCGACCACCGUCGCUUGCUCCAAUCCGGCUUA,1
GUGGGAUUGCUGUCCUGGAGCAGAUGGAGAACCACGGUGAG,1
UGAUUUCAUGGACUCUGUUUCAGACUUGAAGAGCAAAGAAA,1
ACGGGCUGCUUUGGAUGGGACAGAACGGGAGGUCCUCUUUU,1
AGGUAGACCUUAGAACCCUGCAGAUCCUGAAGGGCAAUAGU,1
GAAUUGUGGGUGAACUUGAGCAGAUGGUUUCUGAGGACGUC,1
CGUUUGUAAUUAAUGUAGCUCCUCGCUACGGUCGGAGGCCC,1
GGGCCGCCGGUGAAAUACCACUACUCUGAUCGUUUUUUCAC,1
CUGAACAGCAACAGAGCAAACAGAUAGGAGGAGGCAAAGCC,1
AUCGCGGUGCUCUGGAUCAGCCUCAUCACCGAGUGGCUCAA,1
AUGACGUCUACGUGGAUAACCAGAAUGUGAAGACACACCAC,1
UCUGUGUCUUCUUUCCACCUCUUCCUUCAGUCUCAACAUCC,1
UCAUCAGGACUUGUAAACAGCAGACAGAAGAGCUAUGACCA,1
GGAGGAGAACAAAGGAACUUCAGAUGGGCAAGAAGAGGAAG,1
AAGGACUGCAGUUACGAAAGCAGAAAAGAGAAGAGCAGGUA,1
GGAUUGAGGGCUUGAAGCGGCACAUCGAGAAGCACCGCUAC,1
GUGCCAGGAAAGGCAAGGGGCAGAUCGAGAAGAGGAAGCUG,1
AUCCGCUACUUCCUUGGUCGCAGAGACCCGCCCUGAAGCUG,1
GGGGUCGGCGGCGACGUCGGCUACCCACCCGACCCGUCUUG,1
CCGCCGCCGCUGCCCCGCCGCAGCCGAAAGCGAUUAUUGGU,1
CAGUUGAGAGACUGUUGGAGCCUCUUGUUACACAGGUAAGA,1
UUCGAACCGGGGACCUUUCGCGUGUUAGGCGAACGUGAUGA,1
GGGUAUUCGAAUCGAAAAGUCGGCACAGAAAGUCUUAAUCA,1
UUGGAGUGUAGCUACUUUAACAGAUGGAAAGAACCUCAUUG,1
CAGAUGGCUGUGAAAACUUUCAGUUCGGGAGACAAAUUGGA,1
AGAGCCCCGCGCUGCUCCUGCAGAAGGAAGACACUGUCCGC,1
CCAAGCCCCGGGAGCGGCCGCAGAUCGGAGGCACCAUCAAG,1
CCAAGCUGUGGGCCCAGAUGCAGAUCGACAAGGCCAGCGAG,1
GGACAGGGCUUUUGUAUCCUCAGAAUUCGGAAGGGCAUUCC,1
GGGAGUCGCUGCUGGUGAAACAGAUCGAGGAGCAGAUAAAG,1
AAAUCCAGCUGGAGCAGGUGCAGGAAUGGAAGAGCAAAAUG,1
CUUUUUCGGCUCUGACGAAACACUGAAGUCUGCGUAAGAGA,1
ACCCUGACUGGCAGGAGCUGCAGAUCGUGGGCACCUGCCCU,1
GACUACUUGAGGCCAAGCCCCAAGAAUAGUCAAGUGUCGAG,1
CUGUUUCAGGAAAAAAAGAACAGAAAUACCUGAGACUGGGU,1
AUAACAACAAUGAGGACUUCCAGGUCGGACAAGCCAAGGUC,1
CCGUCGGAGGAUUCUUCUCUCAGAUUGGGCAGCUGUACAUG,1
CUCUGUGGAGACUCAAGUUACAGAUCUUAAGGGGCCUGCCU,1
AAUUCUCGGAUAGUCGUUGUCACGGCACCGCCGCAGGCCGG,1
GAUCAUUGUAUUACUCAUCACAGAUCGGAACGGAGGCCUGU,1
UCUCCGACGCUACCGCCGAACUGAGCAUCGCCAUCGAUCAC,1
ACUAUGAGAACCACACGUCCCAGAUCGAGGUGGGCCUGUGG,1
GGGAGAAGAUUCGUCAAAAACAGGAGGAAGUAAAGCACACC,1
AGUUGCGGCAGAAACUGGAACAGAUCAUCAGCCUCGUGUCC,1
UAGGCCUGUGGAGGCUCAAUCCAGACCAGUGUGAAUGCUCU,1
GCUGCUGCGUGUGAACUGAACAGACGGAGAAGAUGUGCUAG,1
ACCUUUAGUUCUCUGAAGGCCCACGUUUUUAUCAUUAAGAC,1
UGCGACAACACGCCGUCCUACCCACGCAGCUGAAGCUGUGG,1
UAGCCGUUUCUACCUCUCCGCGAUGACACUGCCGCACUUAG,1
AGCCCCUAUGUACAUGGGAACAGAGAAGGAGGAGCAAGGAA,1
CCGCCGGGUGUGGGGCUCUCCAGGUGGGGAGGGCACAGGGG,1
CUAUGGACGACAUUUUCACUCAGUGCCGGGAGGGCAACGCA,1
UGAGGACCUCUGCAGACCAUCAGAUCAAAGGAGGGAGAGCU,1
CAUGAACAUUCCUUUGGUAUCAGACCCGAAGCGCACCAUUG,1
ACCUGGUCGCACUGUACUACCAGAGCGAGGAGCAGGCAGAG,1
GGGCCUCUGAGGAAGGCAAACAGAAAGGCAAGGGCAGCAAA,1
AGUAGGCUCUGAUGUCCUACCACUUUGAAUGGUUUUCUAAU,1
UGUCUGGGGGAAUGAACGCACAGAUCUGUUUGACUUUGUUA,1
CCACGUGAGCAUUGUGGAACCCAAAGAUGAGAUACUGCCCA,1
UUAUCGCGUAUUCGUACUGGCUGAUCCUGAGUUGCCCUCCC,1
ACGGUUGGACCCUAUGGAAUCAGUUCGUGAGGAGACAGUCA,1
AGUCUCUGGUCUGAACUCUUCAGCAUCGGAACCAGCAAAGG,1
UGGAUGGAGCUCACCACAGACAGAUCAGAACAAGGAGCCCA,1
AUCUAAGGGCUUAGGACUUUCAGAGCAGAAGAGCAGAAAAG,1
GCCGGGCAGAGGCCGAAGCUCAGGCGGAAGAGCUGUCCUUU,1
ACAACAACGACACCCAACUGCAGAUCAUCUCAACCCUGGAG,1
GGGAUGGAAAUAAGCUGGCACAGAUGGAAGAGGCUCCACUU,1
GGACCAGAACCUAUGCGAUUCGUAGAUUAGUUGAACAUAGU,1
GAAGGCGACAGUGCCUAAGACAGAAAUUCGGGAAAAACUAG,1
UGUGUGGCAGAACCAUGAAGCAGUUCCUGGAAGAGCAGAAG,1
CUAGUGCAGCUCGCGCUGCACCAAGGGAAACAUCGAGCCCU,1
AGCAGCGAGGAGUCAUCUGACAGUGAGGAGGAGACGCCAGC,1
AAGCGUUUGUAGGACUCAGCCAGACGUGGAGGGAGCCGGGU,1
UACUAAUGGAAGAUCACCGUCCCACCUAGAACGCCAGGGGA,1
CAGGUCUGACUGUGUCCAUCCCUGGUCUGGAGAGGGCUCUG,1
AGGCCUGGAGCUGCUGAAGACUGCGAUUGGGAAAGCUGGCU,1
UGGAAGUUUAUCUCGAAACUCCACCAAACCUCGCCAGGCUG,1
UCUGUGAAGCUGAGCAGGAGCAGAUGCGGAAGAUCCUCUAC,1
ACAAGAAUGGACUGUGGUAUCAGAUUGGAGUCGUGAGCUGG,1
UGAAGGCCAAAGUGUUGACUCAGACUCGGAGAGCACAGUCA,1
AUCUCGAAACUGUCAAGCAGCAGAUUGAAGAGCUAAAGGUA,1
UGAAGUGGAAAACUGGAAGACAGAAGUACGGGAAGGCGAAG,1
AGUGGUUGUGUGAUCGCCAUCUUAGGGAGUGAGUGUGGCCG,1
GUUACAGAGCUUUCUGAAAACAGCCCGGAAAAAGCACAAGU,1
AUUUGGCAGCUGAGUUGUUACACUCCUUAGCGGAUUCCAAC,1
AGACUGUCACCUUUGAAGAGCACAUCAAGGAAGAACACAAC,1
CCUAUGACUGUAGAUUUUAUCAGACUGAAGAGCUAUUGUGU,1
CUGCGGAGUUUCCUCGGCGGCGGUCGUGGCGCCUCGGUGCA,1
CAUUUGACGGCGGAAGUGGGCGUUUUUACGUAGUUAAGCCU,1
AGUCAGCUGGGCUGAUGAAACGGAUGACCUGGAAGGAGAUG,1
CACGAGAUCUCUUCCGAGCACGUUGGCGCCCGGGCGUCAGC,1
GCAUCUAUUGGACUGACUGGCAGACCAAGAGCAUACAGAGC,1
ACAGAUUGGGGCUGAAUCUCCCGGUGCUGCGCAUGGCGCCA,1
UCAGUUGAACCUAAUAUAAUCGCGGGGGCGCUCGCUUCCCG,1
CCAACUACCUGAACGAUGACCAGGUAACUUCCCUGCCUCCC,1
GCCACCGUACCACCACCCGUCUGGCUUCUCAGUCCGUUGGG,1
GGGGCGGACUGUCCCCAGUGCGCCCCGGGCGGGUCGCGCCG,1
CAGCCGCCCUCUCCCUGCAGCACGAGUUCCGACUGGGCGGU,1
CACACACGGCUCUGAAAGCUCAGACACGGAGGACACGCUGU,1
ACAUGAGAAGUUGAAAGCCACAGAUCAGGAAAAGAGCAGAA,1
GGUGCGACUCCAUUUAUGAUCGCCCGAGUAAUGAAGUACUU,1
GUAGCGGCCUCCGAGUUCUUCAGGUCUGGGAAGUAUGACCU,1
UAAAAAUAUGACUGUAAGGCCAGGUGCGGUGGCACACGUCC,1
CUGUGGAGAAGAUAGCUGACCAGCUGGAAGAGUUGAAUAAA,1
GGGAUUCGGAUGAUAAACAACAGAGGAGAAAAGCACGGAAC,1
UUGCUGAAAAUGACAUGAAACACAGUGUAAGCGAGAGAGGU,1
UCGGAGCUGGUCAGGAUGCACAUUUUGGAAGGUGUGGAGAU,1
UGGGCCGUGUGAUCCGUGGACAGAGGAAGGGCGCCGGGUCU,1
UCUGGCUGUAUAUUGAAGAACAGAUUGGAAGAGAACAAGAA,1
UCGAUUGGGAUAAUUGUUUUCAAUGAAUAUGUGAGUGUAAG,1
CAGGCUGCUGGAGAGGAUCACAGAGGAAGAACGCCACGUCC,1
GUGCCUGAGAUUGCUCGGAUCUACAAAACAGAUAGAGAAAA,1
GCUGAAGGACCUCAGACAUACAGAGAAUGAAGAGGACAAAG,1
CUCGCUCCUAUUUCCGAUCUCUAUGGUUCGGCGGCUCUAAG,1
UUUUGAUCCUUCGAUGUCGGCUCUUCCUAUCAUUGUGAAGC,1
UUUGAGCUACACACGGUAUGCUGACUUUUCAGAGAAUAGCG,1
GUGUGCAAGGACUGCCUGGACAGAUCCUUUCGGGCACAGGU,1
ACGGCCCGCCGGGACCUCAUCAAGUCGGAGGAGCUGAGCAG,1
GUUGAUCUUGAACUCCUGACCUCGUGAUCUACCCACCUCGG,1
GAAAGGAACCCGGGUCGGACCAGAUCGGAACCACUGACCAU,1
UGUCUGGGACGCCUUCUGUGCAAAUCGGAGAGCUGAUCGAG,1
AGGACUUCACCCGAAUUCUCCAGAUGGAGGAAGAGUACAUC,1
GGGACCGUGACUCAAUGCGGCAGAUAAGAGCAGAGGUAUCU,1
UCAAGGACUGGCUCCAGGAGCAGAUGAGCGGUGAGCGCCCU,1
CUCUAAAAUGAAGAGAACCCCAGAUGGAAGGGCUUAGCCUA,1
GAUCAAUGCGCACUGGACCGCUUCAAAGAACAUCACGGUGG,1
AUGUCAAGAUGGCCAUCCUGCAGAUCAUGAAGGAGCUGAAU,1
CCAGUGGGGAUCUUCUGAGACAGAUUGGAGAGAAUGAGACU,1
GUGCUUGAGUGGGACCCAGACAGACAGGAAGGGCGCUCCUG,1
AACAGGCGUUCCAGGCGAGUCAGAUCAAGGAGAAUGAGCUG,1
GCAGAACAACUGAAUGCAAACAAAACGAGAGCACCAUAGUU,1
ACUAUAAGCAGGCUCUGGUGCAGUACAUGGAAGGGCUGAAC,1
GGGCUCUCAGUACCUGGAAACAAAUGGGGGAGCAACGUGAG,1
UCGGAGAGAUUUAGAAAGUACCGUACGAGGCUCAUGUUGUC,1
GGAAGUUUGGGCUGCAGGAACAGAUGGGAAGGCACCCCAGA,1
GUGCCGGCGGAGGCAGAGCACAGGCCGGAGAGCACCACCAG,1
ACACUGCAGAAAUCGCCCGGCAGGUCAAAGAGCAGCUGAUU,1
GACUGGAGAAACAAAAUGUGCAAUAACGUGAAUUUUAUCUU,1
UGUAGAACGCAUGACAACCACAGAUAAGGAAAGCACUCGCA,1
ACAGAUGCAAGUCUGUCGCUCCCAAGCAGAAGAAUGCAAAA,1
GCAGGGCUGGAGCCAUGAGGCAGAUCGGAAGCUCUGAGCAC,1
UGUUCGAGAACCAGCUGCUGCAGAUCGGAGUCAAGUCAGAG,1
GGCUAGGAUGCUGGGGUUUCCAGGUGGGAAGAGGCCGCCCU,1
UGAUUGGUGGACUGGACAAACAGAUCAAGGAGAUCAAAGAA,1
CGUUGAGCUGAUUUCUGAAGCAGAAAGGAAGGACAAGCAUU,1
GCCGAAAGCAUCUGACGCCGCCCGCAGCACCCGUAGGGCAC,1
CUGUGGUGAUCUGGACUGUCCCGACUGGGUCCUGGCAGAAA,1
UAGUUAGACGUAAUGUGAACCAUACGGUAGUUUAGUCCAUC,1
AGUAGAAGUAUAAACCGUGCCUAGAUAAGUACGAAGGAGAG,1
CGCAUUUCGAGCUCUACAAGCAGGUGAGGCGGUGCAGGUGG,1
UGUGAGAUGUGGAGAAGCUGCAGAGGGAGGGGCACGUUAGC,1
ACGCCUAUCACUCGUACGAUCGAAAGGAAGACGGCGGUGUU,1
CAGGACGGCCCGAGAACUGACAGACGGAGUGACAGACGGAC,1
CGAGACACAGUAGGGCUAUGCAGAUGUGAAGGGUCUGCACA,1
AACUAUUGCAUCCUAUACUUCACUAUACAUACUGAGUGCGG,1
GAUCCUGAGACGUCUGGAUACCUCGUUAGGAUCAGCUCGCA,1
UCCCCCCUGCGGGUGAAGAACUUCGGGAUCUGGCUGCGCUA,1
GGGGAAAAAGUCAAGGGGAGCAGGAGGAAGAGCCAGGAGGG,1
CAGUGUUGAUUGGACUCAUACAGGUCGGAGAGGUCAGCAAC,1
ACUUGAUGAAUGCUGUGGUGCAGACAGUGAAGGCAUCCUAC,1
CGGAUAAGGCCCUGCUGCGGCAGAUGGAAGGCAUUUACGCU,1
ACCGUCCACAUCUUCAGAAACCCCAAGACCUGGUAUCGUUC,1
UACAGAGAAGAUUAGCAUGGCCCCUGCGCAAGGAUGACACG,1
CAAAUAUGCCAUGAUGUUUGCAGAACUGAAGAGUACCCGCA,1
CUACCCAACCAAAAGGACGACAGGUGAAUAGAUAUCCUCUA,1
AACGACUGCAACAGGUUCUUCAGAUGGAGGUGAGACCUAAG,1
UUUUGACCAUCUAAAGGCCACAGGUCAUGCAAGAGCACCUU,1
UUAACGUGGACAAAGACUUACAGAUAGGUGCAAAAAAUAAA,1
GAGACCGACCUCCUGGACAUCAGAUCAGAGUAUAAGCGGAU,1
UUUUAUUCUCUUGGUAAUCUCUUCCAGUUAACUACUUCCGU,1
AUUAUUCGAACGAAACUGACCUAGUGGAGGUCGAUGCAGUU,1
GAACAACACAGUCCUAUUUUCAGAAACGAACAGACACACGU,1
CUUCACCAGGGGAGAUGGCACAGGAGGUAACCACAGGUCCU,1
UCCUUCUGGAUGUAAGAUGGCCCGUAGAGGCCACCCCCGGC,1
ACUGAUUGCGGAACCUGAAACAGAUGGGGAGAAUGGAAACA,1
UUGUCAUAAGACUCAGUAGACAGAAGGGAAGAGGGCACAUG,1
AAACCAAGCUGGCAGAAGCACAGAUAGAAGAGCUCCGUCAG,1
CUGUGGACUCAGCUAUGGUGCAGUGAGGAAGGUCUGGACAC,1
UUCUAUGUGUUGGCUGAGCUCAGAUCGGAAGUUGUUACUUG,1
CCGCCCGGGAACUGCUGACGCUUGAUGAGAAGGACCCACGG,1
CGGAUCCGAUCGGAUCGGAGCGGAUCGGAGCACACCGGAGC,1
CUGGGACUCGGAGUUGAAAGCAGAUCAAGGGAAUCCAUAUG,1
GUCCGCGGUACCCUUGGACUCUCGCGGCAAACCCUUAUAGC,1
GCGCCAUCCUGGAGAACUACCAGACAGAGAAGGGCAUCACU,1
CCGGGAAUACCGGGACCUGACCACCGCAGGCGCUGUCACCC,1
UGGACCUGAACUUGAAGCAUCAGAUCUUGCCUAAAGAGCAG,1
AACUAACUGAGAAAUGUAAACAGAUCACACAGAGUAAAGAA,1
AGUGUGCUGGAUAUAUUACCCAGUAAGCCGUGUGACUGUUC,1
UGGCUUCGGACAGAACAGGACAGAUGGAUGUCGCACACGCC,1
AAAAAGGAACUCUGUGGACUCAGAUCUGAAAAGCACAAGAG,1
AACGAGACCAAGUAAUAAAGCAGAAGGAAGAAGAAGCACAG,1
CCCGAGUGUCGGAGGAAGAGCAGAGUGGAAGGGUGCCUUCU,1
GUAGAAACGUAAUGAAUUUUCAGAUUGAAAGAGCCCAUCUA,1
UCUAAGAGUAGAUCUCGGUCCAGGUAUGUCUUCCAUGUUAU,1
UGAAGAUGAAAGAGAAUCCACAGAUGAUGAGAGCAAUCCUC,1
CCCAGUGCCCUGGACACCAACAGCUCGAAGAGCACCUCCUC,1
UAUCCUGCCCCGCUCCCCAUCGCCUGCCCGCAGCAGCGACG,0
AUGGUUGUUGUCAUUGGUUCCGCUUAUGUGAUGGAUUACAU,0
AGAAGAUACCAGAAAGACGACAAGGGCUGGGGCACCAGGGA,0
GCCAUGCAGGAGUUCAUGGUCCUCCCAGUCGGUGCAGCAAA,0
GUUACCCACUUCCGAACCUGCUUUACAUUUUCAGCUAUCUU,0
GUGAAGAAAAGUCAAACUCUCCCCAAUAUUGCCUAGGAAGA,0
ACCCCUGCUCUAAGUGAUCACCUGGGAAUGUCCCCUGCUCC,0
UUUGAAAAGGAAAUGGUCAACAUAAUCAAAUUUACUGACUU,0
UUCAAGUCUGUCAGACAUCUCUAAGCCUGUCUUUUCUUCCA,0
GGCAGAACUAGGCAUGGAAACCCAGUUGCAAAAUUCCAGAU,0
UUUCCCUGUCUCCUGCCUGUCUUCCUUACCAUUGCUGAUUU,0
UUUUCAUCUAUUGGAACACUCAGAAACUCAGAUGUUUCAGU,0
CCAAACCAUUUAUGGAUUACCCCCAUUAGACUAUAAAGAAA,0
GAAACACUCCAGAAAGUCUCCAAAAAUGCUUCUUUAAGAAG,0
UAACCACCUUCAUUCCCCCACCUGAAGCACCUCUUGCCACC,0
CCAAUCCAGAGCAGUGCUUCCUUCGCAUCCAGUCAUUUACU,0
GCCAGGUGUGGUGGUGUGCACUUGCAGACCCAGCUAUUUGG,0
ACAAGACCCUUUGGUAAGUACCAUUUUAACCCAGUUUUACA,0
UGCAAAAAGAAAACCCACCUCCCUUGCAUUCCCAUGUCACA,0
UCACCUGUCCAGGUCCCUUUCCAGGGAUCCAGGCCUGGUCU,0
AGUUGCUGACCAGUGCCCACCCCGGCAGCCCGGGAGGAACA,0
UGAUCUCAGCUCAAUGCAGCCUCUGGGGUUCAAGCCAUUCU,0
ACAGGAUCUCACUCUGUCGCCCAGGCUAGAGUACAGUGGCU,0
UCUGAACAGACAGGCCUUGCCGGGGGUUUAGAUCAUGAGAU,0
UCCUUAUCUUGGACCAGUAUCCUCCACACAACACCAACACC,0
GGGAACACCAGGAGAGAGAACGGGGUGCGGGAAUGGAGUCA,0
CAUGUGGUCCACGAAGUCUUCUUCACCUGCCCCAUCCCCUU,0
GCCGCCGAGCCCAGCUCCGCCGCCGAGCGCCUGUGCCGGCA,0
GUGGACCAUAGACCUCGAAACUGUGGUUGGUCUCUGAUCUU,0
UAUUAAUAGGAGAGUUUAAUCUAUUUAUAUUUAAUGAGAUU,0
UACCCCCAUCUCUGGCUCCUCCUUCUGGGGGGCAAUGUUGA,0
GCUUACGCAGCCCCGAGCCCCCUCUGUCCCAGCAUCUCCCC,0
UAAAAUCUGUCUCAAUGAAUCCGCUAUCCAUGAGAGAAAGG,0
GUUUUUUGCCUUCUUUCUUUCUGCUUCCAAUCAUCCAUUAG,0
AGAGGGUGUGAUGCUCCACCCAUCUGUCUUCCUUUGCCACG,0
UGAGAUCGCGCCACUGCACUCCACCCUGAGCAAUAGAGCAA,0
UGAUGAAAACCUUCAGACUUCUAAUAGAUUUAUUCACUUUU,0
UUCCUUCCUUUUUCUGGGAGCUGUAAAGACGCCUCCGCGGC,0
CAUCAUCAGCUCAAUAGUGUCCAGUAAUCCCAGAGGUUGGA,0
GGGCUCAAGCGGUCGUGUCACCUCAGCCUCCCAAGUAGCUG,0
CAACUGUGGCUCUCACAGGACAGUUGCCCAAGGAGCUCAUA,0
UUCAAGACUGUAAAUCUCAUCAGCCUGUUGAGUCUCAUCAA,0
CCACAGAUACUAAGAAAUUGCAUCAAGUAAUAAGCAAAAUU,0
AGUGGCACAAUCUCGGCUCACUGUAACCCGUCUCCAGGGUU,0
ACUCUUCAACACUAUACACUCUUCUUUACCUCUGCAUCAGU,0
GAAUUGAUAAGAUCAUUAGGCCAGGUGUAGUGGCUCAUUCC,0
CCAGCUGGGCAACCUUGGCCCCUUAGCAUCUUAGGACUUCA,0
AGCAGUGUAUCAGUACAUUUCUACUAGUAUGUUAUUUAGAU,0
AACUGUAGUUCUAUCCUUUACUAUCUAAACUGGGGAAAUUA,0
CCCCUCCUUCUUCCUCAUCCCCCACAUCCAACCUUCAGCUU,0
UCAGGUUCUUCAGACUCGACCGCUGGGCCGACGUGCGGUUC,0
CGCCGCCUCCAUUCUGGCCACCCUGCUCCAAUCCGCCCCGC,0
AAUACAAAAUGACGCAGCCACUGUGAAAAAAAGCAUGGUGG,0
UUGAGCUCACGCUCCAGCGUCUGGCGCACCUCCACGCUCAU,0
GCCUCAUACUCCUCAGUCUCCAUGUUUUAGCUUAGAUAUUG,0
CCCAUCUAGGAAGUGAGGAGCGCCUCUUCCCGGCCGCCAUC,0
GGAAGAAAGCACGGCCCACGCCCCUCCAGUCACAUACUGCC,0
UUAUGGGACUGAAGCUCGGGCAACUCGGAGAGCCCACUUGA,0
GAGGAGUGGCUGCUAGGCCGCUCGCUUGCUCCUGGAAAGAU,0
CUGGUGUAAGUGUGAAAUACCUUACAGAGGAUAUGGUAUUA,0
GACGUUGGAGAAUCUGAUGCCUACAUGUCUUGGGGAUGGUU,0
CAAUAUCCCAUCCCACAGCACACUUUAAAAAGAUUAAAGCC,0
GCGUGAACCUCCGUGCCCGGCCUACUUUUUCCAGAUUUGGU,0
GGAUUAACUGGUGUCACAGCCCUUUCUAUUCAGCAUACUCA,0
CGGCCUGGGACAGCUCUGACCGGAGACAAGAGGGGUCGGGG,0
AGGAUGUGGAGAAACUGGAACCCUGGUGCACUGCUGGUAGG,0
CGGCAGGGGCAGGAACUGAACCGUGAAACCCACAGUGGAAU,0
GGUGGCAUGUGCCUGUGGUCCCGGCUGCUCAGGAGGCUGAG,0
AGCCUCUUUUUGAAAUGCUCCCCAGAUUACUCAGUUUGAGU,0
UUCCUUCCUUCCUUCCUUUCCUUCCAUCCCUUUCUUUUUUU,0
UCCUGUCCUUUCUUAUCUGUCUCUAAAAGGGAUCUUCUUUC,0
AGAGCCAAGUGGCACAGAUGCCACUUGCAGGCUGACAGCCC,0
GGGAUUACAGGCAUAAGUCACUGUGCCCGGCCUCAAACUGU,0
UAACCAUAAACACUGGGUUUCUUUGCACAGACAAUUUGGGA,0
GGCUGCCCUGGGAAGGAUGGCUGGGGCGAGAUGGCUCUCUG,0
CUUCUUUCAACUCACAGAGACUUUCUGAUGAAUAGGACCAG,0
CCCUAGGAGCAUGAGGAACCCUGAGAGCCUGGGUGUCCUCA,0
AGGCCAGGUAUCCGGCAUCACUUUCACAUCAGCAGAAACAU,0
UCUUGGCCCUUUGGGAGUUUCCUUGUCAGAAAGUAUAAGCC,0
ACUUUUCUCGUUUCAGUACUCUGGGAUGGUCAGAGUUGGAU,0
AGUGGUUCUACCUAUUCACUCCCCCAAAUCCCAGUCAGCCG,0
GUUGACUCAGACUCUCCCUUCCAAAUGUAUAGAUAUGAAAU,0
CUCUCCAAGAUCGAGACGCUCACGCUGGCCAAGAACUACAU,0
CUACCAAGUCUGCUCCUGCCCCAAAGAAGGGCUCCAAGAAG,0
CUCUGCCUUCAAGAAGCUUACAGUCUAGCUGAGAACAGGAG,0
CAUAUUCAUGUAAAAGAGAGCAUGUUGAGUUGGAAUAACCA,0
UGAGGUAAACAGUCUGUAUGCCAUGCAAUGUGCAUACCUCC,0
AGCUCUGUUGUAGGUGCAUCCACACUUUCAAAGUAAUGAUU,0
CCACUUUGCUCUUUAAUGUCCACCCUUCAUGUCACCAAGCC,0
ACACCUUACUGUCUGGUUCUCAAGUGGCUAAGUGGCUCUGA,0
AUUAAUAGUGCAAUAACAUCCUCCUGCUUCUGUUUUUUGAC,0
GACAUCUUAGGUAUAGAAAUCUGCACACCCGGAGUACUUGG,0
UCUUAUCCUAUUCUUGCUAUCAUCUGGGGAAGCAGCCAAGA,0
CGGGAUGUUAAGUUCAUUCUCCAAAAGUAGAGCAAAGGGAG,0
UAUGCAAACACAGCAGCCUACACUUUUUCUCAUUCCAUUUA,0
UACAGUGGCCCAAUCUAUGCCUUGUGACUUCAGAGGAUGUU,0
GAGGCGGAGAUUGUAAUGAGCCAAGAUCGCUCCACAGCGCU,0
ACUGUUUUGGAGAAGUUGGUCUUUAGAGUGGCAGUCUAAAG,0
UCUGAGGUCUUGCCUUGGGGCGGUUGCCAGUGGGGCUGGCA,0
UACAGCAGAAGGUGACUGAUCAAAAGCUGGACUGUCAACCA,0
CCCUGCUGGGGGCAGCAACACACCCGGCCAAGUGUGGCACC,0
UCCAGGUAUUGCCCCCUUGCCUUUUCCAGCUACUAGAGGUG,0
GUAUGUCCCUUCAUCUUUCUCUUUUCCUGCUCUGAAGGGGU,0
GGUUUGUUAAUUGCUUCCUUCAACAAUUUUGCAGCUUCUUC,0
CAUGAAAAGAUAUUAUGAAACAAGCAAAACCUACCCUGGCA,0
CCCCAUGUCCUGUGACCCCCCGCACAGGAAGCCCCGCGGCG,0
CACUUUCCUUCAGUCUUGUCCACCUUUUAAUAUAAGUUUCU,0
GCUGGGCAGCCGGGACCCUCCCCUCGUCCCCAGCAGGGAGU,0
UUACACACUUGGAUUCAAUGCUUCGGUCAUAAAUCGGGCCA,0
UCUGUUGCCUAGGCUGAGUGCAUGGGCAAGGUCAUACCUCA,0
GAUUAAAAGUAUGCCUUAAGCAAGCUAAUAUUAAGUGCACU,0
CGGGGCCAGGCGGGGGGAGACGCUGAUAUCUUUUGUAUUUC,0
GUGUUAAGCUGAGGACUCCACAGUGAGAGAACUCCACAGUG,0
UGGUUCAACACAUAAUUCUACGCUCCAUCCAAAUCACUGAU,0
UCACUGUGACACAGUAAUUCCCCAAAUGUACAGAACUGAAU,0
CUGCGGGCCCGGGCCAUGGCCGCCGCCGAUGCCGAGGUGAG,0
CUGCUUAUUCUCCUUCUUUGCCUUUAAAUCCUCAAGACAUU,0
GCCCUGCCAAUGUGCCUCGACCUUGACCUGGGGGGCCCACC,0
GCAGGGCCCUGUCUGUGAUGCUAAAUGGAAUCCACACAUCA,0
UGUGAGCCGCUGCACCUGGCCAGUCCCCACCUGACUUCUUU,0
ACAUCCUGACUCUGGGAUAACUGUAUUUUGUAUGUGAACAU,0
AGGGAGGAGGACAGCAGUGACUCCAUUUCCUGGAAAGAGUG,0
AAUCUUUAGUGUUGUGAGCCCUUAAAAGGGACAGAAAUUGU,0
CUCACUGUAGCCUCGACCUCCUGGGCUCAAGUUAUCUUCCC,0
UUCAAUGCAAUACUAUAAAGCAUAGAAUAGUUAAUGCUUUU,0
UGAGCAGACUGAAAGGUAGCCUCCAUGCAGGUAGCCAGAUC,0
GCAAGACUCUAGACCACAAGCUUCCCUAAGAAUACAUGGCC,0
AUUCCGUUGUCGUCAGAGAACAUGCUUUGUAUGAUUUUAAU,0
AGCAAACUCUGCUGGGCACCCAGGCCAGCCGGGAGAGCACG,0
CAACAAAAUAAAACAGCUAACCAUACCCAAUGGUGAGAGAC,0
AUAUUUCACAAUACCACAAACACUUUAGAUUGUUGAGUUCA,0
CCUGCAGCAGCGCAUGUUGCCGCUGCAGUAAUGCCAGUUCC,0
GCUGGUCACUCACCCACUCUCCCUCCCCGCUCCUUGUCCCU,0
CAAGUGUGCUUUUUUAUAACCAUAAUAUAUUUUACAACUAA,0
CAUUGUCUCAUGUGUCUUCCCAGUUUUUUUUUUGUGCUCUU,0
AGACACAAGGCCUCGUGGCGCCUGUGAAGCAGAUCAAGUUG,0
UAUCUUUUCCUUGCUUUCCUCUUCCUUCAAAUUCUUCUUCU,0
UAGGAGCCCUGUCCUGUUUCCUCACUCUUUGCACUAAGCAC,0
AGGAAUGUGGACAGUGGCUGCCACCCACUUUGGCCUUCUAC,0
ACCAUGUUGGCCAGGCUGGUCUCGAACUCCUGAUCUCGCAA,0
GGUGAGGGAAAAGUUAUUUGCUAUGUCCAUUCCAGUCAGUC,0
UGGCUGCCGUUGCCAUGACACCCAACCCUGUGCAGACCCUU,0
CCCAGCUUCUAAAUAGCUUACCGAAAUUUUUUCCCCACCAU,0
AUAAGGAUGCCUGGUGCUAUCCAUAACCAAGAGUUGGUGAU,0
AGACGUGGUAUUAUUAUCUGCAGAUCAAACAGUGUCCACAC,0
CUGCCACGUGAGUUUUCUGCCUUCCUCUCCUCUGCCUUCUG,0
UUAUAGAUGUUGUUCGUUGCCUGACUUUUUGUUGUUGGCUU,0
GUGCACGCGGUUGUAGCUGCCCGGCGGCGGCAGAAGCGGCG,0
CAUGAAACUUUAGUAGCAAUCAUUCAAAUCUGCUUAGUGUG,0
GAAGGGCAGCAGGGGGUCCUCAGGGCAUGGGUGUCUGUGUG,0
AUGUGCUUGUCCUCGGGACACAUUAGGAAUGAACCCAGGCC,0
AACACAAAGGCCCACACUUCCUGACGGAUGCCAGCUUGGGC,0
UGAGUCUCCCCUCCCACCCCCUCCCAACAACAAUAGCUCCU,0
GGGGCAAUAAUAAAUACUCUCAGUUUUUUCCUCAUCAGCUA,0
GGAGCCGGCUCAGGCCUUGGCCAGUCCAGAAAGGGGCUCCC,0
UGACAUGACUCUGCCCUGUCCUUUCUCAGUAGCUCAGGGGU,0
GCUCACUGCAACCUCUGCCUCGCUGGGCUCAAGCAGUACUC,0
UAUUUAUUUCUUGACAGGAUCUCACUCUGUCACCAGGCUGG,0
GAUGGAGAACUUUGGACUUUCUGCUUUAAGGGGAAUGUUUA,0
AACAAGGGGUCAGAAAUGACCCAGACAGAAGGGCAAGUAGC,0
UUUUGUAGGUUACAUAUGGUCUCUGUCGCAUAGUGUGUGUG,0
CUCUUGUGAGAUAUGAUUUACAGAUAUUUUACCCCAUUCCU,0
UGCUUGGGGCCUUGGCAUAACCUAGAAGGAUGGGGGUCCCU,0
GGCUGUGUUCUCCAGAGCAGCGUUGAUCACACAGCUCUGGC,0
CCAUGCCACUAGGCUCUGUGCUGGGGAGGGGUGGGUCAAGG,0
UCAACCGAAAAUUGAACAUUCCCCCUCCCUCCUAUACCUUC,0
GCCUGUUCCCUGCUCAGCGUCUUGUUCUGCCUGACGUCACC,0
UAAAAUCUUCUCCACCUAAGCUUGCUUCCCCACAUUCAGAU,0
GCAGGAUCUGAGCGCCGCCGCCUCAGAGUGCAUCGACCCCU,0
UAAAAACAAAAAAAACUUUUCAAUUCUCUUUGGGUAUUACU,0
CAAAUGCCUCAGUGGCUUCCCACAGCCGCAGGCUAUGGCCU,0
GUUUGCCGUUAUUAUUAAGCCUCACAGCAGAUUGUUCUUAC,0
GCCACAUGUCAAAAUCCUGUCUAUACAAAAAAUACAAAAAU,0
UCUCACCUCAAGGGAUCCGCCUGCCUCGGCCUCCCAAAGUU,0
CCUUCCAGCACUGCCAAAAGCCGGCUUUACUUUUGUGGGGG,0
UGAAGACAUUUAUGAUGAUCCACUUCUACUUAAUAAAUAGU,0
CGUUCUUGUCAGUGUAGGUUCCAACAGCUGACUUCUGCUCU,0
CUCCCUAGUAGCUGGGACUACAGGCGCGUGCCGCCACGCCC,0
GCUCCAAAGUUAUAUGACAACCUAGAAGUCAUAUUAAGGAC,0
GCCUGUUUUCAUGUCUUUUGCCCUUUUUAAAAAUCUAUUAU,0
GACAUCUUCAAUAAAUGGUGCUGGGAAAACUGAACAUCCAU,0
UACACCGUAAGGAUCCCUUCCCCAGAUGACGAUCCCCCACU,0
CAUUCCUCCCAUGUCUUCCCCAACUCUGCUGAUAGCAGCUC,0
AGAUUUGGGCGGGGACACAGCCAAACCAUAUCAUUCCAUCC,0
GCAUCAGGAAAGCUUUCAAGCAACUAGUUUGUUGAUCCCUC,0
GAGCCAGACUUCGGGCCUUCCGGGGGAGAUACGAGUCAGGA,0
AAGAAAGUUUGCCCAGGCUGCCGCAGCUCACAGACUUCUCU,0
GGCUGAGUAGUAUUCCAUAGCGUAUAUAUACCACAUUUAUU,0
UGGGAUUUCAAUGCAUCAUUCAGGGGUCCUGUCUGUGCACC,0
AUGUAAAAUGUUAGUGUUGACAUUUUACAUUAAAGAGAUAU,0
ACGGCCACCAAGACCCUGGACAAGCGGCGGCGGCUGGAGGA,0
AAGCGGGUGGUAAACUCCAUCUAAGGCUAAAUACCGGCACG,0
CUGUGUGUUCCCCCAGGAGGCCCUGGACCAAAGGCCUUUUC,0
UUUCUGCAAAACUCAAGGGUCAUUUAUUGCUGCUUAGCUCU,0
UAUGGGUGAGGAACUUGAGGCUCAAGGAAGUUAAGUAGCUU,0
AAUUGGUGGAAGGGCACCACCAGGAGUGGAGCCUGCGGCUU,0
CCCAACCCAGCUCCCAGAGCCAGAGCCAGAGCCAGGCUGGC,0
GAGCCCCAAUUCUGGGAAGCCGGGGUCACCCCGAGCCUCCC,0
AAGAUCAUCUGUUCCUGUGACCAGGCCACCUGUCCCAAUAC,0
AACACAAGGGGACACAUCACCUAAUUCUAUUUGAAUUAAAU,0
AUAAAAAUAAAUAAAUUGACCAUGUUUAUAUGGGUCUAUUU,0
ACCUCGGGACUGGUAGAAUUCCCGAAUCCGUUUCUCUUCAC,0
AUCUCUAUUCAGCCACCAACCAUACUUUACCUAUUUACAAG,0
GUGUGCACACGCUUUUGUGUCCUAAUUUUCUCUUCUUAUAA,0
AGUAGCAGUCGCAGUAGUUCCAGUAGCAGCUCCAGUACAAG,0
UAAACAGACUCAUUCAUUUUCCACUCGUUGCUCUGGUGGAU,0
UCUCUAAGCUUCAGUUUCCUCGUCUGUGAAAUAUCUGUCAG,0
CCAAUGUUCUGUGCCCUGAACUCGUAAGCCAAGGUAAUUCU,0
UUUUCUUUACCCAUCUCACCCUUUUCACCCUCUUACCCAAU,0
GCUGGGAUUACAGGCGUGAGCCACAGCGCCUGGCAAAAAAA,0
CAAGUCUGGGGAGAACAACUCAGCUCAGACACCUGCAUUCA,0
GGAGGGAGGCAGAGGAACCCCUCCCCGCCGCUCACCCCUAA,0
GGACUUACACCAGUGUUUUGCCAAGGGCUCUCAGACCUUCA,0
CUGCGGAUGCAAUGACUUAGCCAGGUUAACGCCGAUCCCAU,0
UUGGCAUUUGGGUCUCACCACCACCCACACCUCACCUUCCU,0
CAGCCAGGGACACACGGCUCCCAGUGCCCAGCGAUGAGGGA,0
AGUGCGGAAUAACAGGAACUCUACUAUCCUGACAACUUUUC,0
AGUGACUUCAAAUCAACUCUCAAUAAUCCAACCAAUGGGAU,0
CGGGGCCCCUUCACUGGAGGCUGCACCCCCUCCCAGGCUGC,0
AGAAGCUUUGUAUCUUUGUUCUGCCACUGGCUUAGCUUAUG,0
AUGGGAAUUUUUGAAACAAUCAGAAAUAUUCAUAAAUCCUA,0
UCAUGAUCUUGCUGAUCAAACUCCCUCUUCUCAACAACCAU,0
UUUUUUUUUUUUUUUUUAGACAGUCUUGCUUUGUUGCCAAG,0
GUGAGGCUCUCUGGGUCCCACAUUCUCUGUGAAGCUGCCUG,0
CGAGCCCAAGCCAAGAGCUGCACCAAGGGGCCAAGGGAAGC,0
GGGGUAGAGUCAGCCCCACCCACCUGCAUGGCUGGGAAUGG,0
GUGAUUGCACAGGUAGUGCACCGGAUUUCCUCUACCCGAGA,0
ACAUGCUUGAGAGUCACUUGCCUACAGAUUAUAGCAGAAGC,0
ACCCUUGGAUCCUGAGGUUCCUUCCCUGCCUUGUGACCCCC,0
AGGUGGUAAUGCUCCUUCACCAGCUGUUCACCUCCUGCUGU,0
CCUGUGUUUUCUGGGCGGGCCUCAGGGCCGCCCCUACGUGG,0
GACCCUCAGGGCUCACGUUGCUCCUGGUUACCUUGGCUUUA,0
UUAGUCAGAUGUAUACAAAUCAGUGUUGCAAGUUGACAGGC,0
CAGCACCAGGAGGCUGAGCCCUGCCCCCCACACGCCCAUCA,0
GUUACCUGUGAGCUCGUAGUCCUUCUAACAGCUGCCUCCCU,0
AGUAUCCCUUAUCAGAAAUGCUUAGGACCGGAAGUGUUUCG,0
UACCAUAAAGAGAUAAGUCACUGGCAUGUGUCUUUUACUGG,0
GCCAGGUACUGGUUUGCAGCCCAGGGGUUGGAGACUCCUUU,0
CCCAGAAUACCGUCCUGCAGCCACUCACUCUGGGUUCACGU,0
GCCCACUCCUCUCCACCAGGCCAUAAUUUCACCAACUCUAG,0
AGAUUUGGGCAAAAGCCGGCCUCAUUUUUUGGAAUUCAGAG,0
AUGGGGUCUCGCUAUGUUGGCCAGACGAACUCCUGGCCUCA,0
AAGGGACACAGUCAGAAACACAUUCUGGGUUAGUGCUAACU,0
AGCUCCAUCUGGUCGCCGUCCAGAGCGGAGAUUCCUUCCUC,0
GUCUUGCAGCCCAGUCCCCUCUGGUGCCAUGCCCUGGGCAC,0
GUGUCAAAAAGGCUGGGGACCACUGUUUUACAUCAUCUAAA,0
AGGUCCCGCUGCUCGCUGUCCACAAAGCGGAUGAGGGCCUC,0
AACUGUCCUCUCAAUUAGUGCAGAUACCCAAAAGUAUAUCA,0
GUAAAGCCCCUUCCUCAUCCCUCUUUUUCACUUAUUACUAG,0
AUCGCUUGAGGUCAGGAGUUCGAGACCAGCCUAACCAACAU,0
CCUUAAGGAGUGUGUGUGCACACAUGGGUGUGUUUGUGAAA,0
AGAUUAGGAAGUUUAACUUUCCUAAACUACCAAUAAUUAAA,0
CUGGAUCCAUGUAGCCCAUUCGGCUGUAACUUUCCUCUCUU,0
ACAUUUAAAGUUAACAUUGUCAUGUGUAAAUUUGAUCCUGU,0
AACAAGCUCCUUUUGGAGGCCUAAGAACCCUUUCUGAUAUG,0
UGCUGGGCUCUGGGCCCCACCCAAGGCUACUUCUGGGUCUC,0
AGGGAUAAGUGGCAUUUAGCCACCCGAGAUUGAGAAAUAAC,0
AGUAUGUGGCGUCCUGGCCACGGCCAUCAUGCCCUCCCCAG,0
AUAAGCCAGGCAUGAUGGCUCGAUACUCGGGAGGCCGAGAG,0
UCAACUUAAGCUUGGCCUCUCCAGCACAUGAGCUAACAGCC,0
GCUCCAGGGCGGGAGGCAAGCCCCCUUGCCUUUCAAACUGG,0
CUUCCUCCUGGCCGAGGCUGCCGAGGUCCCGGGCCCGCCGC,0
ACCCCGGGACACCCCGCAACCUGGUCCCACAGCCGGCUUUC,0
ACUAUGACUUUUUUACUGAGCUCUAGAUCUAUAUUUCCAAC,0
UAUUUCCUUUCUAAAAAUUACUAGGGGCUGGGCUUGGUGAC,0
GCUUGGGUUCCUUGUCCAGGCCCACCAGCCAGUGGCUUCAA,0
CAGAAGAUGAUUGACAUCUCCCUGGAUGGCUUCCUGCUGAC,0
CACCCUCACACGACACCUUCCUGCCUCUGUUUAUAUGAUUC,0
CAACAGUGCUGCAACUGAACCGCCUCCCACCCUCUCCUCUC,0
GGAAGCAAGAAAGGGAAGAACAAUUUUACUCAAAAUGGUAC,0
UUGUUAUGUGUGAAUUUGAUCCUGUCAUUGUGAUGUUAGCU,0
CAGUGCCCAGAUUUUGGUUGCUAAUACCAUUCUCCAAUAAA,0
GCUGUUUCACCUUGGCCAAACUUUUAAACCCUCUACGCCUC,0
GGUGGCUGGCGAUCCCUUGGCCUUGCUUCAAGCUGAGCCUG,0
CUGACUGCCGUUCUGGCCUCCUUACACUCUCCCUCGUGCUC,0
CUCUGAGUGUCCCUCUCCAUCCCUGCUGCGUCAUGCUAACU,0
UGCACUAUUAGGGGGCGUGGCUCGGGAAAACGCUGCUAAGC,0
GGCCGCCUCGGGAGCCGCCUCGGGCCUCGCACCCCCACCAC,0
GCCGCUCCGGCGCUGGCUCUCCUGUCCGGGACCACAACGAG,0
CUGGCGGGAGGGUCUCAUUCCAGUUGCUGGCACUGAUUGAA,0
CAGCAUCGAGUAGCAUUGUCCCCAGGGAGCGUGUGUUGGCU,0
CGUCCAGCUCGCGCUUGCUGCGGCUCUCCUCCUCCAGGCUG,0
UUUCCUGACUUUUUAAUGAUCACCAUUCUAACUGGUUUGAG,0
AGCCCUAGAUCUCCUCACAGCCGACAAAGGCGGAACCUGCA,0
AGUAAAGCUGUAUUGGAAUGCAACCACAUUCAUUCAAUUAC,0
AUACAUACAUAAUGGAUUGUCGAUAUUAUAUCACAAUAUAA,0
UCCUGAGAGUCUCUGCUCCUCCUGAGUGCUCCCAGGUUCCU,0
UUACUGCCCGUGUCAGGAUGCCUUACUGCCCAUGUCAGGAU,0
CCCCACCCCCACCCCGCCGCCGGCCCCCCAACCCCUAGGCU,0
CAUGCUGAAUAAAUAGGUGCCAUUAUUUCUGGCACAUUGUC,0
UGUUACUGACUUUUGGGGGCCAGACUGCUCUGAACUGUGGU,0
CGAAGCCUCUUAAAAAGAGUCUGGAUUUCGGUCUUGUUCGG,0
AAGCAGAAGGAGUUGACUCACAUCGUUUGUGCUUAUUAAAU,0
GUGCAUGCCUGCAGUUGCAGCUACUUGGGAGGCUGAGGUGA,0
CUGGGCAUGAUGGUAGGCGCCUGUAAUCCUAGCUACUCCGG,0
CCAGAGAAUUCCAUAGUCCACCUUGCCUCCGCUCAGUAUGC,0
AGUCACUUGAAUCAUCAAAACAGUUUGAGUUUUGCCAUGGA,0
GGCGCCUGUAAUCCCAGCUACUCGGGCGGCUGAGGCCGGGG,0
GCCAUGUUUAUUUCUACUUUCUUCGAUCAGUGACUUAACAG,0
CUUAAUGUAGAUGUGGUAGCCUUCCCUGUCAUUCAUUACUA,0
GUCAGUUAAUGAUAGCGACACAUUCUGAGAAAUGUGUUGUC,0
ACCCUCCUCUUCCUUUUCCCCCACAGAGAAGAUCCCUAAAC,0
UUGUGAAGUAUCCCAAUACUCUCAGAUGAUUAUGCUAAUCC,0
AAUUCUGUUGAGAGAAAAUACUAUGGUCAUGUGAAAAUGGU,0
CACCUAUGAGUGAGAACAUGCGGUGUUUGGUUUUUUGUCCU,0
CCUCUCUGGCCUCUCUGGGUCCUCUCCUUGUCCCUCUCUGG,0
UAGAGUGUUACUAUAAACUUCAUUCUCUUCUAUUACUCCUU,0
UUUUUUUUUUGAGACAGGAACUCACUUUAUCACCCAGACUG,0
CCCAAAGGAGAACUGGAUGUCCUACGAAAAAGCCCCCUCCU,0
UAUUCCCAGCAUCUGCCACACAGUGGGCAUGUAAUGAAUGU,0
CCAAGAAGGUAUGUAAGCAACUAGGAACUGGGUGGGAUGUU,0
AUGUACGGUUGAUAUAGUAACUUCCCAUUUUUCCAAAGUGA,0
GAAGUACAUCUUAUAGCUUUCAUAAAAAACUAUAAUUAGCU,0
AGGAGCCUCUCCCCUCCAGUCUCUCCGGCAAGCUGUGCUGU,0
CUGUUUUUGCCACAUCAGGUCAUUUAUAUUCUUUUUAAACU,0
GCUUACCGAAAUUGGAGAUACCCUGUUCACUUUUUUUUUUU,0
UGUGGGUCUCGGGACCCCACCAGUUAUUCUCAUUAUUAUGU,0
AGAUCAUGAAGUGCCACAGGCUAGUGUGAUAGAUGGAGGGA,0
GGUUUAUUCAGCUCACCGGCCAGUAGCAGUAGCAGCUGGAG,0
GCUUUGACUCAGGGAUGGUGCCGGGGCUGUGGUGCUGGGAG,0
CUAUCUAAUUCCAGAAUUCUCAUUAUCCCAAAAAGAAACCU,0
CUGCUUUGUUGUCUCUUUGGCUUGCAAAUGUGGCUUGGUAA,0
AGUCGGGGCUGUUUGGCAGCCCCUGUGCUACACACAGGUCA,0
AGGGUGAGAACACGUGAAAUCUCUUAGUAAAUUUCUGGUAU,0
GGGAUAAAACAUCCCUUGCCCCCUCCUCUGAAUCCAGGUCC,0
GUAAAGAAUGCCACACUUUCCUAGUUAUCAGUGUGGGAGUA,0
UUUUUCCUCCUGCCCCAAUGCUAGGACUUGAUACCUGACUG,0
GCAAAGAGGCCACUGCAGACCAGGGGUCCAGGCUGGAGUCU,0
AUUUCAACAAUUCUGUCCCACAUAGAACAUCCAACAUUCCA,0
CGCGGUCAGGGGCCCUGGGACCGUCCUGCAUGGGCCCGAGC,0
GGGAGCAGACACCUGAGACUCCUUUGCCAACUCGGAAGGCC,0
AUCUGUUUUAAGUUCCCACCCAGCAUGGACUCUCCUUUCUC,0
CCUGAGAGGGCUCUGAGUCACCCAGUUGUCCACCAGACUUC,0
UAUGGAGGUUGUUAUAUAUUCUUAAAGAUGUUCUGUAUGUG,0
UUCGUGGAGAAUUGGGUCUCCUAGACAUCAGUGAGACUGGG,0
AAUACAUAUGGAUUAUAGAACAUAAAAAAUGUCCUGGGUGG,0
AUGCAUACAUACACAGUACACAUAUAUACACAUAGACCCAC,0
UGUAUUCCCUACUCUAUCUCCAAGGCUUCACAGAGGACUUU,0
GCGGUGCUAAAUGACUCCUCCCACCAAUACCAUGUGGGUCU,0
ACCCCACACACCACACCCCACACACACUUGCCUGGUCCUGC,0
CAGUGGCUCAUGCCUAUAAUCCCAGCACUUUGCGUCGGCUG,0
GAAAAACAAAACAAAACAAACACACACACACACACACACAC,0
UAAAGCCAAGCCCGGCCCAACCAAGACAGAUGUUUGGUGGG,0
UGUAUCCUAACACCCGCCCUCUGUGCCCCUGUGCCUGCAGG,0
CGACGCGCGGGAAAGGUGGUCUCUGCUGCCCCCUGGCGGCG,0
GGAGUCAGGGCUGGCCAGGACAGUGACUUGUCUGUCUUCCA,0
AGUAGCUUGGAUUGGAUUUUCUUUUUUCUCUUUUCUUUUUU,0
CUAGAAAUAUUGACUUCAUUCUCAUUGUAGCAGGACGAGCC,0
AGCCCCACUCCUGUUCUGGGCUCAUCAGCCAGCAUUUCCUG,0
GUUCUGGCCAGGGCAAUCAGCCAAGAGAAAGAAAUAAAGAG,0
CAACUAUGCAGCUGAGAGGUCGCCAGCUCCUGUGCCUUCCC,0
CUCCCAAGAAGCUAGGAUUACAGCCAACACACCUGGCUAAU,0
AGGCCACCGGCAAGCCCCCCCAGGUUUGCCGGGAGGGGACA,0
UUUGUCCCAGCUCCCCUGGGCAUCUAGCUGAUGGGAGCUCA,0
CUCUUUUCCCGUUUUUUAACCCGCACGGUAAUAAAUGGGCA,0
GGAGAUGGAAACACAGCAAUCGAGCACCAUCGACUCACAAG,0
ACUUGAGCCUGGUGGACAUGCGUGUCCCAGGAGGACGGUGU,0
GUAGGACAGCACUACAAUCCCAUUGUGCACCAACAAGACCA,0
GUGUUGAUAUUGACCAAGAACAGCUCAUCCCUGCCUCUCCC,0
GAUAAAGGGGAAGCUUUUAACAUUUUAAUCAUGGGACUGAU,0
AAGGGUGAGCCCAGGCUGGCCACAGCGCGUUUUCAUCAUUG,0
GUAAGUCAAUGACUUACCUUCCAGACCUUAGUUUUCUCAUC,0
CUGCACCUCAUCCCAUGUCACACACACCUUUGCUCACUACC,0
GCCCACCUCCUGGCUGCCCUCGAGCCUCCUGGCUGCUGCCA,0
CCCUUGCACAGAAUAAAAUCCAAGCACUCCACAAGACCCUG,0
CACUUCAGAUGUUGGCACUGCUAUGAGCAUGGUCUUUCCCU,0
AAAGCAAGGUGAGGUCACAACACUACUGCCUUCUAAUGGCA,0
CAGCCUGCUGCACUCAGUAUCAAUGCCUGAGUUUGAUAUUC,0
AGAAAAAGGACAAUGUGCUACAUAAUAUACCUAUUUUAUUU,0
GAUCUUGAAAUCUACAAAAUCUUAUAAUUACUUUAAUAUUA,0
GUGUUUCUGAGUGGGUUGGACUGUGGAACUGGCAAAUGCUG,0
GAUGAUGUUCCCAACAAAACCCAAGGUUUUGCUGCCUCUUA,0
UGAGCUGAGAUUUCUGUUUUCCAAGUUGCUUUUCUGUUAUG,0
UAGGAAUCUUUUAGAAGGAUCUGAGCAGGCAAUUGAAUAUG,0
AUUAAGUGAUGGACUAUUUCCCCCAAGGUUAAGACAAUGCU,0
UGCACCGGGCGGGCGCGCCGCAACCGCGACAGGCGCCCUUC,0
CCUCGGUUUCUUUUUAUGUCCCCAGUGCUGCAACUGCACAA,0
GUGCUGACUCAGUCUUAGGCCUGGGGACAGUGGGUUAGUCA,0
GCUCGAAUUACAGGUGUGAGCCACUGUGCCUGGCCAGGAAU,0
GACCUGGCUGCAAAGUUGGACAAUGAAGACUGGGAGCCAGA,0
AUGCCGUUUUCAGACAUGGUCCGUGACGGGCAGCCGUGACA,0
CAUCUCCCCCUUACAAGGCUCCAAUAGCCUCUAACUUGUUC,0
CACGGGGUCCUUUUGGGAAGCGCAGCUUGGGAGUUCCAGAU,0
AAACCUACAAAAAACAUUUGCUCACUUUCCCUAUCUUCCCA,0
CGAAGGGACCUCAGAGAUAACCCCCUUGUGUUACAGCUGGG,0
CGGCGGGGGCCGGCCGGGCUCGCAGGGAGGCCGGCCCGCGC,0
AUAAUUGUUUUGCCCUUUCUCCUUUGUCAAAGGUCAGUUGA,0
GAGACUGGGCCGCUUCUGGGCGCUGCCUCCUCUGCUGAGGC,0
AUGAAGCUCACCCAGUAGAUCUGCUGAUGAGGCUUCCAAUG,0
AUGUUUUAAACCCGCGGCGUCCCGGCUUGUGCCUGCAGUUU,0
CACAGUCAUAACCAGAUUAUCUCUUUUAUAGCUUGCUGCUG,0
GCAGUGAGAGCCGGGCUGACCUGGCUUCCCGAGGCAUUCCC,0
GGGACUAAACAGGCGUGAGCCACCACAGCCGGCCGCAAAUG,0
AGGUUUUAACUCUACUGCACCUAUUAUGGUGACGGUGCAUA,0
GGCUUGCAAAUACUUUCUCUCAUUCUGUAGGUUGUCCCUUC,0
UGCAGCUUUUAUCCUGAUCACUCUCUCUCCUGUCUGGGAUC,0
UCAUGAUCCACCCACUGGAGCUGGGAUUUGAGGUCUCACCU,0
ACCUCUUUAGUGAUAAAAGGCUAUAGGAACAAGAUACAUUA,0
GCAGCGCAGCCCCGGGGCCCCAUUUGCCGCAUUUAAUAACC,0
CGACGCCUCCUCUUCCGCUGCUCCCUCCCCCGGGACCGGUG,0
GCCCUGUUGGCCGCAACAUGCCCCUACUUCCCCAGAGUCUA,0
GAGUGAGACCCUGUCAUAAUCUCACCUUGAGAUCCUUAAGU,0
CACCCGUAAUCUCAGCUACUCAGGAGGCUGAGACAGGAGUA,0
GAUAUCCUCACCCAAAUAGGCAAAUGCCCACCCAUCCUGAG,0
AGGCUUCAGAAAUAAAACCACACAUCUACAGCCAUCUGAUC,0
AUGAGCCAGCCUGGUGGGGCCUGAAUAUGGCAGCGCCAGGC,0
UCCUAGUGCAGUACUUGGCACUUGCUAAACACCCAGUAUUU,0
AGAUGGAAGGAGGGAGCUUUCCGAUGACCUGCCAUCAGGAG,0
UUUCAUUUAGUUCAUGAUCACGGUGGUAGUAACACGAUUUU,0
GCUUCAGUGGAGACAAUAAGCACUUUGCAGGGUUACUUUAU,0
GGAUGGGUGGGAUGUGCCUUCCAGCGUGUAUGUGCAUGAGA,0
UGACCCUGCCCUCUGCUACCCACCCUCUAGGGCACUGUUCA,0
AGAGGACCACUUGUUGUGGCCCAUUUCUCAGCUGGGAAAUG,0
UUCCGUCCCUUGCAUUUGAACCUAAACUGUCUGUGAUGUCU,0
GUGAUCUCUGCUCACUGUAACAUCUGCCUCCUGCGUUCAAG,0
GGGCCAGUUGGUGGGGCAGUCACACAUUCAUCGAUCAGCUU,0
GGUAGGUGGCAUUGAGGGGCCACUGCUCAUGGCAGAUGGGU,0
CCCCACCACCAGCCUCUGACCCCCACCCGCUUUCUGUCUCU,0
CUGUGUGUGCACAUCACAACCUGCUGUUUUUACUUAGGGCA,0
GUGGCCCUCACUCCCAACGUCAAGACCGCCUGGGCUUCCAG,0
AGGGAGGGCCCCUAGGGGCUCACCCCCUGCCUCACCAGGUC,0
UAGCCUGAGCCUUAGAAAUGCAAUUUGUAUAACUGACCAGC,0
AAAAUGUGGCACAUAUACACCAUGGAAUACUAUGCAGCCAU,0
UGCAAAACAAAUUUAUUGAACUAAAUUAUCAUUAAGAUUAC,0
UGAGUAGCUGCUGUCCCACACAAUAGGGUAUGAAGCUGCGC,0
CCUUCCGCGCGGCCCCGCCUCUCGCCCCGCCGAGGCCCCGC,0
UACAUGGAUAGGCUGCGAAUCUGUGUGCACACAGCUGGCUG,0
GUUCACUGUCAAACUGCCAUCAGCCUUCCCAGCCCGUACCC,0
AAAGUAUUCACCAUACUUCACUAUCACCAGUUGUCUCAUGU,0
UUUUUUUUCUUUUUUUACUUCUGUUGUAUGUUUAUUAUUUA,0
CUCAGUAUUCUAUUUCCGAUCUGGAUGUGUCCCAGAUGGCA,0
UGUGCAAAUUCGAUUUCACGCGAUGCUGCAGGCCUAUGUAC,0
AGUGCUGCCUCAGCCCAAUCCUGAUUCUCCGUGUGGCAGCG,0
CAGAGGCACUGGGGUGGGGGCGGGGGCAGGUCCUGUUAGGG,0
AUCAUAGCUCACAGUAGCCCCAAUCUCCUGAGCUCAGGCAA,0
CUCAUCUUCUGCACCCCACCCAACUCUGUCCCUGCCUAGAG,0
GGCUCCAGGGAGACUCUUCCCAUGUCCCUUCCUAUCUUCUG,0
UAAGUGGUUUCAUUUCAGGUCCAGAGCAGGAAAAGGAUAAG,0
CAUCUACAGAACUCUCCACCCCGAAUCAACAGAAUAUACAU,0
UCUCCCAAGAGUCUGGCAGUCAAGUGGCCUUUCCUCUUUAA,0
CACCCUCUGUAACUGGUUAACCUUUAACUUGAUAUGGCUCU,0
ACAGGCCGGGAGGACCCGGGCGCAGUAGGAGUGCAUCAGGC,0
UGUGAAUUCUGUGUUCUGUUCCAUUGGUCUACAUGUCUGUU,0
CCCAGGGCAAGGUCCCCAGCCCCCUCAGGCCUCCAGAACUG,0
GAGAAAUUUAGAUUGAUAUGCUUAAUAGCAGUCCACUAUUU,0
UGCCUAGAACAUAGGUGGUACUCAGUAAUUAUUGUUGAAGG,0
AACAUUGGUCUGAGGUGCCCCAGGGCCAUCCACACACAGGA,0
GAUGAGCAUGGCCCCUCCGCCUGCAUCCCUCCCUCCCUCCC,0
UGAGUGAAAUAAGGGACUAACAUUUCAGCCUGCAGAGUUGA,0
UCUUUCCUGGUACUUGUCAUCACCUGGUUUGGUUUGUAGUG,0
GCUCCUUCUCCAGAAUUGAACCCUGAUUCCCUGUCACCCGU,0
CAGGGUCUUGCUAUAUUGCCCAGGCUAGCCUCAAGCUUGAG,0
CCGUGGCCACUCUGCACCCUCUGAGACAGUCACCCAUGGGG,0
AGGGCUGCCCCUCCCCAUCCCGCACCAGCCCCUGUGCCCAC,0
CAAUGGGUUCGAACAUCCUCCUUUAGCUCAGAGAAGUUUGU,0
GCAAAAAUAAUAACAAUGUACUAUGGGUUUUAUGAUAUAUG,0
UCACUUCAUUGCCUAUCUCCCAAUACCAACAAACCCUUUGU,0
ACAACUCUCCGCCUCGGGGGCACACUGCACCCAGCACACUG,0
UUGAGGGGUCACACCGCAGGCACGGCACCCGGACCCCAGCC,0
CAGCAGAACCCGUGGGCGCUCGUGUUGUGCGGGCCCUGCUC,0
GGACCUGGAAAAGGCCUGGACCUAGGAAGGAAGAAGCAUGG,0
GAGAGAAUCACCUUGUCUGCCAGUUGCUAAGACCUUGGGAA,0
AACUAAGGACUUUGGACAAACAGACCUAGAUUUAACAUAUG,0
AGCUAUUACUUAGGUCACUCCUAGGGAUAUCAGGACAUGGC,0
UGCUCUCGUCCUCUGCUCUUCUCAUACCCCCAGAGCACUCU,0
CCUCCACGAUGUCCCUGGCCCACAUGACCCUCUAAUCCACA,0
AUGGAACUGGAGGCCAUUAUCCUAAGUGAAAUAACUCAGAA,0
CGCCGCGCGGCUCUGGGGGUCCAGCUCCGUGGGCGCUCCUG,0
CUUCAUCAAAAAUAAAAUUACAUUUAACCUUGAAAUAAUAA,0
CAGAUCAGCAGUCUGAAAAUCAGGCUUCUAAUAGAGAGUCU,0
CGCAAAUUCAGUUAUUAUGCCUCCUAUUUUCAUCAUACGAC,0
UGGUAACUUCUAGGUGUUGCCAUGGCAAUGGUAAACUGACA,0
AGAGGCAAGUCCUGCAUCUACAUACAUUGCCUGAGUUCACU,0
CCUGGGCCUGACCCUGGUCCCCACGCUCCCUGGGGGGACUG,0
CACUGGCAGCUGCUGGGUGCCCACCCAGAUUGAGGGUGGGU,0
AGGAAGAGCAAGAAGCAGAGCAGCUGUCAAAAACAGAAAAU,0
GCCCAGGGGUAAAUGUUUGCCUUUGAAUGCAAGUGAAGAUU,0
UGACCACAGGAGACGGAUGGCUCCUGGUGUUCUGGGUUAGG,0
CAACCUCUGCGUCCCGGGUUCAAGCAAUCCUCCUGUCUCAG,0
CUCUGCACUGGCUGUUCCCUCUGCCUGGAACGCCCUUUCCC,0
CAGGCGGAGGUUGCAGUAAGCUGAGAUUGUCCCAUUGCGCU,0
AGGGAUUUCAGAUGCCCCUGCCCUCUUGUCUGCCACGGGGC,0
UCCCUCUGCCUUGCUCCUCCCUAGCCAUUUGCUUUAAGGCC,0
ACCUCGUGUUUUUAUUUUUACUCAAUUUUCUAAUUUCCCUU,0
UCUUGUUCCUGGAACGUUUGCUGGAAGUUGGCCAUAGCAUU,0
UGAAGAAUGGAUUUAAUUUCCAGUGAAGGACUUCUGAGGUC,0
AACCUCAUUAUAUAUGUUAACGUACAGCUGAACUUGGCGCA,0
UGAUGCCUGAGCGCCACCUACUGCAUUUUGGACACCUCACA,0
GACUCCUGUUGGCUCCUUCUCCUCCAGUCACUGGCAUUCAU,0
CCAGCCUGCAGCGCUGCUGUCUGUGUGCGGGAGCUCUUGUG,0
CCUGGGGACCCCCAAGAUGCCCCCAGGACCGGUCUCCCUCC,0
AUAUCUGGAAGAAAUUCGAGCUGCUGCCCACCCCGCCCCUG,0
UCCACAAGAACUGCUCUUGACUUGGCCAACUUUCUGGGACA,0
AGCUGAGCCCCAGUUCUUGCCAUCAGGAAGCCUGACCCUGU,0
AUUACAGGCGUGAGCCACAGCGCCCGGCUGCCCAGCUAAUU,0
GGGCAUUUAAGUGUAUUAAACAGUGCAGAUUUUAAGAGUCA,0
ACCCUUCUGCCACAAACACCCCAAACUUCUCCUUUGAAAUA,0
AGCUGCUACAUUCAUUCAUUCCACGGGUAUUUAUUGAGCGC,0
AGAUGGUACUGCUGCUACCUCUGGGCCCUAUUUAGUUAUUU,0
UCCUGAGGACAGAGCUUUUCCUGCCACCCUCUGAGGUGAUG,0
CUCAUGAGCGUCUGUGGAGCCAUCCUCCUUGUCUUAAUCGU,0
GUCUGGAAAGUCCAAUAUCACUCUUAUGUCUGGUGCCCUGG,0
CACAUAAUAGCUCAUAUCAUCUUAAAACAGUACUGCUCAUU,0
CUUGGUCAUCUUUCCAUUACCUGCCACAUCGUUUGUUCACA,0
AGAGGAAACUUGAUGGGAAACACUGAUCUAUUCAACACUUU,0
GGAGACAGUACUAGACAGAACACUCAGUAAUCUUUUUGGUC,0
UAAUGUUUAAGGAGUUUAUACGGAGUGGACUGAGCCAAGCA,0
ACGCCUCCCUUCACAGGGGCCCUUUAUAGACAUCAGCCGGA,0
AUUAUUAAAUGGAACUCUGCCAUUUGAGCCCCAAUUCCAUU,0
ACCGCUGCUUCCUUCUUGCCCAUCCUCUGCUACCUCUGACA,0
AAGUGUGCCCUGACUGGAGACUGUGGCAUGGGGACACGGUG,0
AAAAACAAAAAAAUUACUAUCCUUUGUCAUUGUUGUUAUUG,0
CUUUAUUUCUAGAUGGCACUCAAUAAAUAACUUACAGAAAA,0
CUGAUGGAUACUUAGGUUAUCAACAUUUUCUUGUUCCCUGU,0
AGGCUGGGAGAUUGAGUCAGCGUAAUACAGAGAAGACAUGA,0
GACAUGGAACCCCAGGGCUGCCUGGUGGCUGAGGUAUAGCC,0
GCCAGCCGAGGUAGCGGAAUCGUAGUCGACGUCGGGAGCGG,0
AGCCACUGCCCCAACCUGUGCAACACCAAUGGCUCCAGGCA,0
UGCUGUUUAUAGAUCGAAGUCACGCUUUCUAAACCUUGGCA,0
GCUUAUUCAUAUUUCUCUAACUGAAAGACAAAGGUGAAGGU,0
UCCUGGCUAAUACGGUGGAACCCCGUCUCUACUAAAAAUAC,0
CCCACCCAGCGUAAUUGUAACUGUUUAGUUGAAAGUUGACG,0
UUUUCGUAGAGAUGGGGUUUCGCUGUUUUGGCCAGGCUGGU,0
UUGAUUAUUUUUCUCCUCCACCCUCACUCCCCACAGCUUAA,0
CCUGGAUAUCCAAAAAACUACUAAAUCAUGCAUUUUGAACG,0
UCCAGAACCGUAAGAUGAUACAUUUGUUUUGUUUUUGGCCG,0
GCGGCGGCGGUUCCUGUUUCCGUUUCUUCCUCUCCGUUCGG,0
UCUUCCCUACCCUGUGUGGUCUCCAGGUUUGAGAACCCUUG,0
UUAAAUAUAUUACUAGCAAACCGAAUCUAGCAAUGUAUGAA,0
CGUGUGCCACCAUGCCCAACCAAUUUUUAAAUUUUUUGUAG,0
AACACUCAUUUCCAUGAACUCUGGAGCCUCAGCAUGAAUGG,0
AGCCUCCCAAGUAGCCGGGACCACGGGUGCACACCAUUAUG,0
AGAGGUCUCCAAGGAUCAGCCAGAUCAUGCAAGCAUAUUUA,0
UGGGACCAUUUGGUCUGUAGCAUAGAUUAAGUCCAAAGUUU,0
AUGGCCCCGCCCCAUCCCACCCCCCUUUCCCCAGCCCCUGG,0
GACUCCUCUUCUCCAAGGCCCCGCCAGGAGUCUUUCAUUCC,0
UGUCAGUGGACUGGCAGGCCCGUGGAUUCCACGUGUGUAAG,0
CAUGUGAAUGCCCUUCCUGCCACCCUUUCCUGCCCUCCUCU,0
UCAUUGAAGGUUUGGUUAUCCUUUCAUUGGUAGAAGAGACA,0
CCUGCCCCCAAGCUGUGGGACCCUAAGCUCCUGCUGUGAAC,0
CCCCCCUGCUGUCCCUCCGCCGUCGGGUCAGUUUAAAAGCC,0
CAAGCCCCAACUCUUGGUGGCUUCCAUGUGGUGUUGGGCCU,0
CUCCUUCGGCCAGCCUGGGUCCCUGCCCUUGGCUUCCUGAA,0
ACCCACAAAUCUCCCAGAAACGGACUUUUCCCUUUGGCUUU,0
UUCAGUGUUUUGAGGUGGGGCUAUGACCUUCUGCUUUGCAC,0
UGUCCCUUCACAGACCCCUCCAGGUAUCACGCAGCCCCGAG,0
GCUGGCAGCCAGGGGUACCUCUUGUCUGUGAGACAGUCCAC,0
ACCUGGAGCGUGUGGGUGGGCAUGGGCCUCCCCUCUGCCCU,0
CAGCGGGGCCACCUCAGGAACAGCAUGAGGCCAAUGAAAGU,0
CUUACUUAUCAUCAAUCUCCCGGCCUAUUCUCUGAAACCCA,0
GACUCCCAGGAAGACUAGCCCUGCCCACAGGGCCACCUGUU,0
UCCAGUCUCUUUAUUAUUUACUUAUUUUUAAAAGACAGGGC,0
CGGGAACAAUCUGCCACAGUCUGUGAGCAGGACCUUCUGAG,0
UCUUCUCCUCACACACCCUGCAGGAACCACCAUGCUGAAAG,0
UUUUCAACUGAUGAUACUUUCAACUUCCAAUGGAUUUAUCA,0
AAGUAGUGCAGGUGCCUGGCCAGUGGAGGGGAAGGGAGGGA,0
AGACACCCAGACUUCAGAGACUGCUCUUGCUGCAUCCUGCA,0
GGACAAAUAAUAAGAAAUGACAGCAUUUUAUGAUAAUGCAG,0
AAUUGGAGGAUCUCCUGGACCACCUCUUUGGUCUGGACCUG,0
UUACUGAUAAGAAGGGACUUCUGUCAUUUUGCUGUUUGUUU,0
CCUAUGAGACUACUUAGGGUCAGGGCUAGGGGACUACAGCA,0
UAAGCCGUGCUACCACGGCCCGAUUUGUAUGGUUUCCUACU,0
ACAGGCAUGAGCCACUGCAUCUGGCCCAACCAGAAGAGAAU,0
GUAAUGUUGGAGGUUUGAUACCAGCACUGUUUUUAUAGUAU,0
AUGGGGAGUGGAUGAGAAACCCAGCGACCAAGAUGUUGGCU,0
AAUCUGAUUUUUCAGGAAGACUUUGGCCCAAGGGAGUCCUG,0
ACUUCAAGCUUCAUCUAAAGCCUUUUAUAAUUCCUUCAGUC,0
CACCUUCCUGCAACUAAAGGCAUAUUUAAAAUAUUGUAGCA,0
GUGGCUGGAUCAUAGCUCACCGCAGCCUCAAACUCCAACUC,0
UCUUAAGGAAGGAAAGCCUUCCUCACUGCUUGUCUGCCGCU,0
AGAGCUAGGUCCCCAGCCCACAGUGCCGGUCAGCCCACUGU,0
UGAGCCCCUGUACCUGGCUCCAACUUAUUUUUCUUACAUUU,0
AUUUUUCAUGUGUCUGUUGGCUGCAUAAAUGUCUUUAGAGA,0
UCAGAUUCUAUCACUGGGCUCAAACCUUGGAGGGCUCCCCA,0
GACAGCGCCCCUGGCUACCCCCACCUCGAUCCACUUGAGGG,0
GGCCAGACCAAACCGGACCUCGGGGGCGAUGCGGCUGCUGC,0
UGGGAAAUGCUUGUGAUUUUCUUUCUCUGUAGAAGUGGAGC,0
UUCACUGGCAUCAGUGAAUGCGCUCACACAUGACUGUUUAA,0
AUGGCAAAAUUUUUGCCUAUCUAGUAUCUUCAAAUUGUAGU,0
ACUCCACAGGCAGGCUGGCUCCUUCUCACCUGAGAGCACCU,0
UCGGGGGCUCGCACGAAAGCCGCCGUGGCGCAAUGAAGGUG,0
CACAGCUGUAACCCCAACUACUUGGGAGGCUGAGGUAGGAG,0
GAAAAGCUUAGCACUGUGCCCAGAACACAGGGUCAAUAAAU,0
GACCACCUUCUGAGUGUCAGCCUGUGCUGGCCAAUUGAGAU,0
GUGAGCGACGUCCUUGGCCCCGGCACUCGGUGUCCACAGCC,0
ACCUUCCAGGAUGCUCACUCCCGGGCCCGAGCACGGUGGAG,0
AGCAGCGGUUUGGGCCCGGCCUGUCUUGCUGCAGCAUCAGU,0
GGCUUGGUGGAGUGGACACACUCACACGUGAACCUUCCAAU,0
AUGAGUGGUUCCUACCUGGUCCUGUGUGUUUGAAGAUAAAG,0
CUUAAGUGCCUCACUUUCUUCAUCAGCUCAGCCCUAAUUUG,0
CCGCGUGCCUCUGACCACCGCAUCCCCAAAGCCCAGGAAGG,0
CUGGGCGGCCCUCUCAGGGCCUCCCAAGCCGCCACCCCCUC,0
CCAGCUUCCAGUAAGGAAGCCUCUGAUGCCUCUGUAGCCAA,0
CACACAGUGCAUUAUAAACACACAAUAUUAAAUAAAGGGAU,0
ACUCUCAUGCCUCUGUUUCCCCCAUCUGUAAAGCAUGGGGA,0
CCUGAGCCCUGGAGCCCCACCUAAUAAACUGCAAGGGGUAG,0
GGAGCCCCUCGGCAUCAGCCCCAAACUGGGGACAAAUUGAG,0
GCAUUGCUAGGUUCUGGAGACAUCCAUUUACUCAUUCAGUC,0
AAAGGGAUUGAGAAAAAUCUCAGAGACUGCAGAGAAAACAA,0
UUUAUCAGAUCAAAACCAACCCGGUCAGCCCCUCUCCGGCC,0
GCUCAGACAGGCAACAAGAACAUCCUCACACACCAUUCCAC,0
UCCUCUUGUUAUUUUUGUCCCCUUCCUCACACCUUCAUUUG,0
AGGUGAUCCUCCCGCCUCAGCCUCCCAGGUAGCUGGGACUA,0
GUCACUGGCUGGGAAGGGAACAACAGUACUUACCGGAGACC,0
AGAUUCUAGUUUGCAACCUACACAUGUCUAUGGAAGGAAAA,0
UAAGCUUCUAAAUCAGGUUCCAGAGAGACCCCCACCCCUGA,0
UACGAUUUUUGUAAUUUUAACUCCUGCAUUUAAAUUUACAA,0
UCUGGUACUGCCCCAGGGGUCGGGGGAUAUGACCUACCAGG,0
CUCCCAGCCUAUGCUCACCUCCAUUAUAGACAGUAAUUACC,0
AAGGCCUAAGCCCAGAGAAGCUUCCACCCUCAGGCAGGCAC,0
CCUGAGAAGCCCAAGGCCUGCAAAGUGCUGCUGACUCGCCU,0
GGUGGCACAACUGGGGACCACUUAGGGAUGGAGAGUGAACA,0
CUAAGCUACAAGACUGUCUUCUAAAGGAAAAGCUGUGUUGU,0
AGUGUCCACAGCUGCCAGAGCAGGGGUCCGCCACACACCUC,0
AUGCCAUUCUGGGAGUGUCCCUCGCUGCCUGCAAAGCUAGU,0
AAUUGUUUCCCCGAAGUCUCCGUCGGGCUGGGGCAUAAGCU,0
CUUAGCUGGGAAGAGGGCCUCCUUAGAGAUCUCAAAGGUUG,0
UCUGCUAACUUUCUUGAUCUCUAAUCCGAAUGCAGUCCAGC,0
ACGUGACGCUCCCCACCAGUCAGUGCACCUGCUCCUGUUGG,0
UGUCAAUUUGGCAUCUCCCACCCAUUUGCUUAUGUAUACAA,0
UAUACCACAGUUAAAUUCACCUGUUGUUGAGCAUUUGGGUC,0
GUCAGCUGGCCCUUGCCAACCACUGAGGAUGCUCUGUUCAG,0
UAGUUCAGUAAUUAUAGUCUCAGUUUACCUUGUUUCCCUCU,0
AGUGUUCAGAGGGAGAAGCACAGAGGACCUAGGCGCUUCAG,0
GGUGAGUGCCAGAGCAGCUGCCUAGUGCAGGGUGUUGGGGC,0
CAUAGUGAACUACAAUCUAACAAGGUACUACAUAAUUUUUC,0
GAGUAGUUAAGAGAUUUGUCCAAAGUUGUAUGGUGAGUUGA,0
AUGAGCCAGUGCGCCUGGCCCUGGCCUAGAUGUCUUAUGUU,0
UCUGGUUACAGAGUGUCUUGCUGUGAGAAGGGAUUAGAGGU,0
GCUGUUCUCAAAGCCAUGGGCUGCACCAAUCCUCCCCAAAG,0
GAGAAGCAUGUCAUCCCUGUCCGGAUGGAGCUCACACCCUG,0
UUAGUAGAGACGGGUUUUCACCAUGCUGGCCAAGAUGGUCU,0
CUUACUUAAGUUUUAGAGUUCAACUCUGGCAAAAUCUUGUC,0
CAGCCUCCACCUCCCAGCCGCCUGCCUUGGCCUCCCAAAAU,0
UGGGUUUGUCUGUCUCGUCUCUGAUGGUUCUGCUCAUCUUU,0
GGACCAAUGAAAAACUCGUUCUUGACCCCACCCCUAGGAAA,0
AGCAUCCUAAUCCUGUGUUCCCUCCAGCAAGGUCACCUGGC,0
AUACUAUCCCCCUCCCCGCACCCCCACUCAGUUUGAGGGUC,0
UCACCAAUCAGUCUUGAACCCUAAGGCUGUUCCGACUGUGA,0
AGCCUUCACACGGCUCCUACCCAGAUCCCCCCAUCCUCAUG,0
UGAGCUACCUCACCAGGCCCCAUUGCUUUUUAUUCAUCAUU,0
GCGGGGCGCCGAGGCGCGGCCUAAGUUCCCCUUCCCGGUCC,0
CCUGAAAGAGUAGUCAACCGCUCUAGCCUGCUUCUGAGACC,0
CAUAAUUUAGAUUACACUGUCAGUUUUUAGAGUCAUAGAAC,0
UAGGAUGGCUUGAUGGCAAUCCCAACUCUAAAAUGACCAAG,0
CCUAUGUUGCUCAGGCUGGUCUUGAACUCCUGGCUUUAACU,0
GGGCCGGAGGCACACCCUGGCCGAGGUCUCCACCCGCCUCU,0
AGAACGGGCGAUGAUGUGGACGUCAUCGUUGCCUACCAGGA,0
UGGCCGCCAUCCACGUGGGGCCCAGGCUCACACCCUCGACA,0
CCUAAAAUGGCACAAUGUGUCUUCAAAUCUCAACAGAUGCA,0
GCCCCCGUGUUCCCCGAGUUCUCCCCCAGCUCUCUUUAUGC,0
AUCCCCAGGCCAGCCAGGGCCAGGCCUACUUUGGCCACCCU,0
AGGACAGUGGUCACCGUCACCCUGGACAGACCACCUCUGUC,0
AGAGGCAACUGGGGGUGCUUCAGUGGUGCUAGAAAUAAUCU,0
AUGUCUGUAAGAUACUAUGCCCUAUUUUCCAGACUAAGAAA,0
CUGCUGCCUACUCGUGUCCUCUGCUAAUCCUGGGGUCCAUG,0
AAGAUGGCCCGAAGAUUUUACAGUUGAUUGAAACACAGAGC,0
GAACUGCAAACCUGGAGGUGCUGGGAGCUAAGUCCUAAGGG,0
GGCCUGGAGCCGCGGGGCCUCCUGGGAAUUGUAGUCGUCCC,0
UACUAUACUAUAAAUGGACUCCUCCUCUAGUCCUUUAACUC,0
GGCUCUUCAGCUCCACCUGCCGGAAGACCCUGGGCAUGAGG,0
AGACAUCUGGCCAGGUCCAUCUCUGACCGGCUCCUGGUCAA,0
GCCUGGUGGGUGCCCUAUUGCCCAGGGUAUAAGAAAAAAAC,0
UUCCGGCGGCGUCCGGUGAGCUCUCGCUGGCCCUUGAAAAU,0
GACUGCAGUGCUUGCUCAUCCUUCCAGCCCCCAUCAUCACA,0
UAGAAAGUUACGUUGGUGAGCCGAAGUUAAACCUAAAGCUA,0
AUAAAUAGACAAGUAUACACCCCAAACCUGAUACUCAUUCC,0
GCAGUUUUCUCUUUUCUUCCCUCUUUUCUCUUUUCUUCCCU,0
CGAUCCUCCCACCUCAGCCCCCCACCGCCCCCGAGUAGAGC,0
UUAAGUGACCCCACCUCAACCUCCCUCGUAGCUGGGAUUAC,0
ACGACAUACAAGCAUGUGAGCCUCUCGCCAGGCUUCUUCGU,0
AGUGAAGGGGUGGGUUGCCCCUCCACACCUGUGGGUGUUUC,0
GCUGGUUUGGGGGUGGUUUGCUCUGUGAGCUUGUUGGUGCA,0
CCUUUGGACUCCUGGAGACACCUCUCUUCCCCUUGUCAUCC,0
AGCCUGGCAGAUGCAGGGCCCUAGGACAUGCAGAGAGGCUG,0
UCAAAGACGUAGGCCCUGCUCUCAAAGUUUUAGGUUGAAUC,0
AGGCCGCAGUGAUCUGGUGGCACAAACUGUUUUGGCCACUU,0
GACUCAUAAGAGAACUUCCCCCAUAAGGCUAUUGUUAGGAG,0
CUAUCCAUCUAUAUACCUAUCAUCUAUCUAUUAUCUAUUUA,0
AGGGAGCAUGGCCCCGCUGACGCCUUGAUUUCAGACUUCUA,0
CCCUGCACACACACAGAUUGCUCCUGCACACACACACACAC,0
UAAUUGGAGAGUCGUGUAUUCACUACACGCCAACCAGAGUG,0
AGGUGGGAGGAUUGCUUGAGCCGGGGAGGCGGAGGUUGCAG,0
GCAGGCCCCACCUCCCACCUCCAUCAAAAUGCUUUUGCUUU,0
GGUUCCCACAACCCCGUUUGCUGGCGUGGCUCACAGUGCUC,0
CUUCAACCGCAGCAGCGUCUCCUCCUCCUUGCGCAGUUCCU,0
CCCAGCCUAACCCCCAGCCCCUCCAUGUCUAUGCUCCCUCU,0
AUUCAAAUUUACCUGGGCAUCCUGUAUUUUUAUGUUAAAUC,0
GGGCCGCCCGAGCUCACCAGCACGGGGAUGAGCACCACCAG,0
AGGUAGGUACUUAACCAUCCCUGUAUUACAGAUAAGAAAAC,0
CACUCCAGUCAUAAGGUUGGCUGGUUAGGUGGGAACAUGAG,0
GCUAUAUUAAUCAUAUAAAGCUUGGUUCAACUCUAAAAUGA,0
UUGAGAGCCCAUGGGGGCAGCCUUGUCAUUUCACACAAUGU,0
AAAAUAACUUUGAAAUUUCUCCGCUUCCUCCUUCCUCUUUC,0
GGACAAUUCAAGGUAUGGCUCUUCUGCUCUCUUAACAAAUG,0
CCUCUCGCGGGGAAACGGCCCGCCCCCGGCGCGGUGCCCUC,0
CCACACCCACACUUUACUAUCUCCAUAGAAUCAACUAGCAA,0
UGAUUGAACCAGGAUGAAUGCGGGUGUUGGAAGUAGAAUAU,0
AUUUUAACUUUCAGUUUGGGCCACUGUAUUGGUAUUUUAUA,0
CUAGGACUCUAGGGAGGAUUCAAUGCAGUAAUACAUGUAAA,0
UAGAGAUGUGAAGUCAGGCACCAACACAGCCAUUUACAAUU,0
CAAGUCUGGUACAGAGACAGCAGUGGGGGACCUGUUACUCA,0
ACCCAACUUCUCGCUGACCCCUGACUCAUUCCCUCCCCAGA,0
GAUCAUAUCCUUUGCGGCAACAUGGAUGGAGCUGGAGGCCA,0
AUCAUCAUCUUUUACCCUAACUCCUAACUGGGCACACUGCA,0
CCUGUCCUUGCCAGGUCCAUCUGGGGUAGGGCUGUCCCAGC,0
GUCCUGGAUGACCUCAUUGUCGCCAAAAACCUGAUGGUUCA,0
CUGGCCAACCCCACUUCUUUCCCAUCCUCACUCGUUCACAU,0
UCAUCUGGUCCUGGGAACACCUUGUCCCUUGUUGGGAGCUG,0
GAGGGGGUGUCAGGGGUGGUCCCCUCUUCCUCACUGGCCUU,0
UCCUCGCCUCAAAUGAUUCUCCUGCCUCAGCCUCUCAGAGC,0
CUGACAUGUUCUUGGUGAGCCGACCCUCAAAGCGCUUCUCC,0
AUUAAAAACAGAGCUUUUAACAGUCAAAGCCAUCUAAAAGC,0
UUUGAUCAUAAAAAUCUAUACUCAACAUAUAACACUGGCUU,0
AAAAAAAAACAACACAUUCGCCAAGGUUAUAUGGAGCCCCU,0
UUUUUUAAAGACAAAAUUGACAAACCUUUAGCUAAACUAAA,0
UAGCGGCCCAGGCGCACAGCCGGCUCCAGCGCCUCCUGCAG,0
UAGGAGUGGAGUAGAAUUUUCAGACCCAGCUUCCCAUCUUC,0
UGAAUGCUUGCAUUCUUUCUCUUCUCCCUGCUCCCCAGUUC,0
GCAACUGUUAUCAAGUACAGCAGUCCAAGACCUUCCAAGAC,0
UCUGCCCCUACCCACGGGACCGUCUCAGGUUCGCACACCCU,0
CAAGUGCCUCGUGCCCAGCGCCAGCUCGGGGCCAGACUUCU,0
CAAGUUGUACUUCUGGCUACCAAAAGAACACAGAUAUUUCA,0
ACAGGGAUCAAAAUUCUGUUCUGAACCUCUCUUCCAUGUGA,0
UCAUUGAUGAAAGCAAAUACCUUUCCAUUCUGUCUCACCCC,0
UAAUUUUGUGGGCAUCGCUCCAUUGUCUUCUAUUUGCCAGU,0
UGUGGGAGGAACAGAGGAAACAGCGGGCUCAAGUUGCAUUU,0
GGCUGGCCAACAUGACAAAACCCUGCCUCUACUAAAAAUAC,0
CCCGGGCUCCAGCAACCCUCCUGCCUCAGCCUCCCAAGUAG,0
CCACUCUGCCUCCCAGAGCCCCUGUGUCCUGAAGCUGUUGC,0
ACAGGUGUGAGCCACUGCAUCCAGCCUCUGGGUUUUUUUUU,0
CCUCUCCUCCUCCCAGCCUCCCAUGCCUGCUCCCCUACAUG,0
GGCUGGUCUCCAACUGCUGGCCUCAAGCGAUUCUCCUACCU,0
GGAUUAAGGACUUGCCGAAACGUAAAACUGACAGACUUGGG,0
UCCACGAGGCCUCUCCUUCCCAGGCCAUUCCUGUAUCACGA,0
AGAGGAGACUGUUUUAAAUGCAGACUGAAGAGACAUAACAG,0
UACAAUGAAAGUUGCUUCCUCUCACCUUUUCUGUAUUUCAA,0
GGUAAGAAUCAUCAGAAACCCUUCCUAAGUCAUAGGUUAGG,0
UAUCUUCCUAGUUCUUCCUUCAGAAAACCUAAAUGAUGCAA,0
GUCACUGUAAAUAUGAUAAGCCAUCACAUUUUCUUAAAAAG,0
UCCCUCAGGCAGCAAUCUCUCUGGCCUUGAUGGGGGAGGGG,0
GACUCAUUACUCCUUCCCAUCCCUCUAGGUGGGCUGCUUCG,0
UACAUAUGUAAUAUUUCUAUCUUGAAAGAUGCUGGAAAAGA,0
ACUUUCAAACACUGUAGAAUCUAAGAAGUGACAUUACUGAG,0
CCAACAUUUCACAUGCUGACCUAAUAUUGAGGUUAAUUUCC,0
GUUAGUCAAAGGAUACAUUUCACUUAGAAAGGAGGAAUAAG,0
GCAUUUCCCACAACAGUGAUCCACCUGCGUCACCUCGGCAU,0
ACCUAGCCUCUUUAAAGAAGCUGUUCAAAGAAGCCUGAAUG,0
UGGAAAUCUACCACAAGAGGCCCGGCGGGAACUCCAGCCGA,0
CCGCCCCUGCUGGCCUGCUGCCUUGGGUCUACUUUGUCCUC,0
AUGCCAGUCUCUUCUCCCACCUCAUUCCCAUGGAAACCUGU,0
GGCCCAAGGCCCUGGAAACCCAGAGGGGGAGCCGAGGGCGU,0
UACAGGUGUGUACCACCACGCCCAGCUAUUUUUUUUUUUUA,0
CAGCCCAACAGCUUCUCACGCCUACCAGGUUUCUCCAAUGG,0
AGGCGGAGCUUGCAGUGAGCCGAGAUAGCGCCACGCGCCAC,0
UAGUUGCAUUACAUUUUACACAGUCUGCCAGUGUUCCCAUA,0
CAGAGCGGGGGCGCUGCCAGCGCACCCCAUCUCCACGACUA,0
CUGCCGACGCUUUUCUAGGCCUUUUACGGGUCCUCUCCGCG,0
UCGGUGUCCCUCUAAGCCCCCAAGCGUGGGGUCCUUUGUUA,0
CCUCAUUUGCCUCACCUCCUCCUUUUUCCUGUUUUGCAGGA,0
GUUCAGUGAAAGAAGUCAGUCACAGAGGACACAUAUAUGAU,0
AUUACUUUCUCUCUUAAGUCCAGGAAGCAGGUUAGAAUAGU,0
CCACGCCGUAGGCCCUCAGCCCCGCUGUCUCCGCAGGCAUG,0
AUCUAAAGGCAAAGUGAGCUCUGAAAAAACCUCUUGAGGUU,0
UUUACUUGGGUAUUUGCUUACUGCCUGUGAUCUUCCCACCA,0
GUCUCACUCUGUCGCCCAGGCCGCAGUGCAGUGAUGCAAAC,0
UAUGUAAACAUAUAUAUACACAAAAAUACAGACACAAAUAA,0
CUUAGAGCCUUAGACUUUUGCAGAGUGGGCUCAAAGUGGGA,0
CCUGGCCUGGCAAAACCCAUCUCUACUUAAUUGUAAGACAU,0
CAUAUAGGCCUUGAGAAUUACUGAUAUAUGGCAUCAUUUAC,0
UUGGCUACACUUAAGAGAGACAUAUUUACUCCUGCCAUUUA,0
AUAUCUUUCUCUUCUUUUUUCCUUUUUGAAUUUGAAUUUCC,0
CUGUUCAAAGAAGAAUUCUCCCCCAUGAAAGAUGGAGUAAA,0
GGGCACAGCGAGGGAUUGGGCCUCCCAGGGUUGACUGGAGG,0
CUCUGAGCACCUGCCCAGUCCACUGCCCGGCCACAGCCAGG,0
GUCCUUGGAAAUUGUCAGAGCAAGUUGUGGCCUUUCAUAAU,0
UGGGUCAGGAUGCCAUGUUCCAAUCCAAAAGGUGCCAACUU,0
CCACCCAGCACGCCACACUCCACUCAGCCUCCUGUCUGCAC,0
UGAGACAGAACGUCUCCCUGCUCACAUGAAACGUGGCUUGA,0
AUCGCGGGGACAGGAGGUGCCGUGCCAAGCCCACCUGAUGC,0
AUUGGGACACAGCCACACCCCUUUGUUGAGACUUCUCCAUG,0
AAUAAAUCCACACCCAGACACUUCCUAGUGAGUAUCAGAAA,0
CCCGGCUGUCCCGGCACCGGCGUGCAGUACACGGGCCCCCU,0
UUCUAAGUGGAAAUAAUUUGCUUUUCCUAAAUACUGUGGAA,0
ACCCUAAACACCAUCUGUCCCCUUCCAUGUCUCUUUUCUUC,0
CCAAUGCUAGGACUUGAUACCUGACUGUUUAAUUACACGGC,0
UGGAAUCUCCAUGUGUUGCCCAGGCUGGCCUUUAACUCCUG,0
GCAAGAUGUACAGCUCAGCACUCCCAGUCCAAUCACUGCUU,0
CUAACACUUCCAAGAUUCGUCAGAUCCAAGCGGGACAGCAC,0
CCUGAGCGGCAAAGAAGCCUCCUAUCCAGCCUUGGGCAAGU,0
AGACUGUUGGGAGAGGAUGACCCGAGGGCCAAUUUCAACAG,0
ACCUUGGGAGCGACUGGGCCCGUCUUUGCUCCCUCGGUGGG,0
UUCUUCUUCCCAAACAGGUCCAUAAUUCAGCAGCCAAAUCU,0
CCAUACCAAGAAAUAAGCAUCCUACUGUUAGGGAGCCUGAA,0
UAAAUGUGAACACCUCCAAUCUCCCAAGUAGUUACAAAAUU,0
GUCAAGACAGAUGGGUAGGCCAGGCACAGUGGCUCACACCU,0
AAUAAUGGUAGUUAUAUUUCCAGUUGUUCAGCUUUUUCUCC,0
AGAACUCAUUCAGGGUGUAGCUUUGGCCCUCACCAUUCUCU,0
AGCGAUUCUCCUGCCUUGGCCUUCCAAGUAGCUGGGACUAC,0
AUACUUGGGAGGCUAAGGCACGAUAAUUGCUUGAACCUGGG,0
GCCGGAAGUGGUGGCAUGUACCUAUGAUCCCAACUACUUGG,0
UUUAACUCCUUCCUUGCCCUCUCUCCCCACCCCUCCAAUAU,0
UCAAAGAUUUUCUGGGAAGACUUCCAGGCUACCUGCAGUUU,0
UAUUCCAUAUGCCUUAAAAACAUCUGCAUGAUACUCCAUGG,0
UGAGGUUUGGAGUACAGAUCCCAUCACCCAGGUAGUGAGCA,0
CCUUGGAAAGCGUCGCGGUUCCGGCGGCGUCCGGUGAGCUC,0
GAUUUCUCAAUGUUUCAAUGCCUAUGGUUCUCAUGGCGAAU,0
CUGUCAAAACCGAUCUUAACCGUUAUAGAUACAUGCAAGGU,0
GUCUUGCCCUAUUGCCCAGGCUGGAGUGCAGUGGCGCAGUC,0
AAAUUUAAUUGAUUCACAGGCUGUACAGGAAGCACAGCUGG,0
CCAAGACGUGGGCACCUCCUCACCCGGACCCCGGGCCCCGC,0
UCCUGACACACGUAGACAUGCAUUUAUGUAUGUACUCAGGA,0
UGCUCAACCACUUGAGCCCCCAAGGCUCUGCCCACAUUUUC,0
GUAUACUUUUGUACUAUGUCCUACACUAAGAACUCUACACA,0
UUUUUCUUGUGUAGUCAUUACAGUUGUUUGUCUUACUUUCU,0
AGUCAAAUAUUGGAGUCAUUCUGCAAAAAUUAUCAGAUCAA,0
GGCCGAGGCAGGCAGAUCACCUGAGAUUGGAAGUUCGAGAC,0
AAGACAAAAGUGCCGAGGGCCCAAGAAAGUCAUAAGGCUGC,0
GCCCUGCCAGGCAAGGACUCCGAGUGAAGCUUGUUUGGCCA,0
CCGAGGUUAUCCAGAAGCACCAAAGCUGGCGGCACCCGACC,0
UUCAGGAACAGCCUGGUCAGCAUGGUGAAACCCCGUCUCCA,0
UCAUUCAGAUCAGUAGUCUCCAAACUUUGAUUUUUUAAAAA,0
GACCAGGAGUUUGAGACCAGCCUGGGCAACAUAUUGAGACC,0
UGACCCUUGAACAACAUGGGCAUUAGGGACGCUGACACCAC,0
AGUACUGGAUUAGUCAUUGUCAGUCAUACCUUAAAUUUCCA,0
AAAUGGAUCAGUAUGUAUUCCUAAAAAUAAUCAGUCAAAAU,0
GUGCACGUAUGUGUUUGUACCCAGUAACUAUCAGCCAUGGU,0
ACUUAUAGGAUUACAGGAAACAGAGGAGAAUCACAAUUACA,0
UUCCAAGUAGUCUCUAGGUACGCUGUCAUCCAUCUCUGCUG,0
GCUAUUAUUUGUGACAAGCUCUUGAGUGAAAAGAGAAAACU,0
AGAGAGGGAAAUGGAAGUAACAACAGUGAUUUUUACCCAUG,0
CACAGACGUGAGCCGUCGUGCCUGGCCAGUAUACAUCUAGA,0
UUUGCCAUUGUAUCCCUGGGCCUUAGCAGAAUGUGUUAUAC,0
GUUCCAAGCAUGAGUGCUUUCUUAAUUAUAAGUUAUCAUGG,0
CAGUCCUCAAGCAUCCCAUUCCACCAGGGCCACCCAGUCCU,0
UUGCCCCAAAGCCAGGGCGGCGCCUCCUCCCUGACCAGAGG,0
AGGUAUCUCUUAAGCAUGAGCAUUUGAAUUCUUCUGAAUUU,0
UGUACCUGCACUGUCAGGCACCACACAAGUGGGUCCCGCAC,0
UGGUGCUAGGGAGGCCUGGGCUGGAUUGAGCCAGCCUGGCC,0
UCCCUGGAGCCCUGGGGUGGCACAGAGCUAGCAGGGCAGCU,0
CCAGCUGGCGGCUAACACUGCUCAGUAAUUUAUUCAAGACU,0
GCCCUCCCAUGUAGCUCAGACUAUAGGCCUGUGCCACCACA,0
AAACACCACAGCGUUGCUGACUAUGUAUAAGUCUGUCUCCG,0
ACCGUGUUGGCCAGGCUGGUCUGUGUGUGCUUUGGAUUUGA,0
AAGACACACACUGCGGUACUCACAUUUUUACUGGGCUAAAA,0
UGCACCAAUCCCAGGCCCACCCUGGCACACGCACCCCGCCC,0
CUGAGUAUCUACUUUUUUUGCUCACUUUUUACUCUCUGGCA,0
GGCUGGUCUCAAACUACUGACUUCAGGUGAUCCGCCCCCCU,0
CCUCAUGCAAAAAUGUACACCCUCAGACCUUUGUUCCUUUU,0
AAUAACCGCGUAGUAUAAGGCUGGGCACGGUGGCUCAUGCC,0
CAGCCUUUAGGUGUUGAAUACACCUGAGAGCCAAUCAAGCG,0
ACCAGAUUAGAUGUUCCAUGCAUCCUGAUGUGAUGUGGCCA,0
AAACCUGAUAGCUAGAGCUCCAGAAAUUACCAUGUGACCUU,0
CCGGGCGUGGUGGCGGGCGCCUGUAGUCCCAGCUACGCGGG,0
UGAGUUCGUGGGAAGGACCACUGCGUGAAUUCUGGGGCUGG,0
AACUCUUUGCUUACUAUUAUCAGUUUAUUAUAAAGGGUACA,0
ACAUUGUCUUGGGAAACAAACAAACAAAACCUGACUCUGAA,0
GAGAUGGAGGUUGUAGUGAGCCGGGAUCGCGCCGCUGCACU,0
AGCCUCUUCAUUCUUUCUCACGUCCGCAUGGUCUUUGAUGG,0
GAGGAGGGGUGUUACUGGGACUAAUGAGCUGCUAAACAUUC,0
CCCCUUCUCCGCCAGGUGGGCUCCAGGGCGGGAGGCAAGCC,0
CACCCUUAUUUCUCUUCUUCCUCCCCAGGGCAUGGAGGAGC,0
AUUCGUUAUUAUCACAGUGACCUUCAACAAUUUAAAGCUUU,0
CCCCUGACAGCGUAGGCACUCAAUAAAUGUGGAAUCUGAAU,0
CAAGUACAUGUAGAUCCAAACACAUGUAAACAUUUAGUGGA,0
GACCAAGUGAUGAAGAACCACAGGUCACUUUUCAGGACAUU,0
AAAGGGAAGAUUAGAAACUUCUGAACACCCAACACAGAAGC,0
UUGUGCCAUUGCACUCCAGCCUGUGUGAAAGAGUGAAAUUG,0
GAGUUUGGCUCCACAGCUCACUCUCUUAACCAUCCUGUAAU,0
AGAAGUGACUUGUUCAAAGUCAUCUAGCUAGGGAGAAGCAG,0
UGGCCCAAGCAUACCUGCGACUGUUUUCCUCUACAACUCUC,0
CUCUUGAACUGGGUCCAGAACGAGUGCUAGUCAGGGGGCUG,0
UGUUGGGGUGUCUGCUGAUUCUGGUGGAGAAGAUUCGCAGG,0
UUCAACUUGAGUAAUUGUAGCUAUAAGACUAAUCUCUAAAU,0
AUGGAUUCCCAGGAGGUCCCCAGGGGGACCAGACCAGUGUG,0
GUCAGAAGCAGGUCAGGAGCCAGUGUCUUCUUUGCAAUGUG,0
GUGCAGUGGUGUGAUCAUAGCUCACUGCAGCCUUGACCUCU,0
AGAAGAGCUAUCUGGAUGGCCACAUACCUCUUCCUCCUUUG,0
UCCUCAGCCAGGAGGAGGCCCAGGCCGUGGACCAGGAGCUA,0
CAGCACAGAGGCAUGUGUGCCCUCUGCCCCAACAAAUCCCG,0
AGGAGAAAAAAAUAAUAGUUCUUGAUAUUGUGCACUGAUUU,0
CGCCCAAGUCCUGCGCCUCGCAAGACUCCAGCGCCUUCUCU,0
GCCAGUCAGGUCUUCCAGAGCCUGGGCCUCUUCCUUAGGAG,0
AGAGCAAGUGGAGGCUGAGGCCACCCCCCAUGCCCACACAA,0
GGUGGGGAGAAGACACAAGGCAGUUUGUUCUGGCUAGAUGA,0
AGAAUCUAAUGCCGCUGCUGCUGUGACAGAAGCUGGAGUUC,0
CUUCGGGCAAGUCAUUGUCCCUCAGUCUCUUCAGCUUUGUA,0
CAAAGAGGCCAAGAGCCCUGCAAAGAAACCCAACCAACCGA,0
UGUGGCGUGAGGGGAAGCCGCUUGCCCGCCCCCUUCGCCUU,0
AGGUCAGGUGUCCCCUCCAGCCCGAGGCUCCUGACGGCGAA,0
UUCUUCUUGGCUUAACAGUUCAAGGUGAGCACUUCAGAUUC,0
AGGCUUACCCUCUGAAGCAACAGCCUGAGUGGUAUGUUGGC,0
CGUGGGCCCAUUGAAUGAUGCUUGUGAAGUAGAGGACAAAU,0
UAGCUGGGCAUGGUGGCUUGCGCCUGUAGUCCCAGCUUCUC,0
CACCACAGGUCCUACCAGGCCCCACCGUUGGGAUUUAUGUA,0
AGGACUCGCCUCUGGUCCCUCAGUGGCCUCUGCAAACCCUG,0
AUCCAGAGCCUUAAACCGUGCCUGGCACACAGCAGUCAUAA,0
AAUCAUGCACUUUCUACCUGCUAAGAUUCUAGAAAACUGAG,0
CAGAUUGCCACAGGCCACACCUUACAGCACUGUGGCAUCGG,0
UCCCCUUACCCCUGAUGUCUCCUGUUACUAAUUUUCCAUCC,0
CCUUCCCUGGCAGGACAGGCCUUUGAGUAGGAUGGAUGGCC,0
AAAUUUCAAGUUUAAAAAAUCUUAAUGUUUGAUAUAUUCUU,0
AAAGCAAUCAAUAACAAGAUCUAGUAGCAGACAGAAUAAUC,0
GAGUUGUCACAGGCUGAAUGCCAGGUGAAGCCGAGCAAUCG,0
UCCCUUCCGGCUCUAAAAGGCUAUGAUUCUAGAUGAGAAGU,0
UUUCCUAUCUCAUUUUCCCACUUUCCAGCUAGUGUUUCCUG,0
CUUCCGCAUGAAGCUCAACACGCAGGAGAUCUUUGAUGACU,0
CCUGGCAACCACUCAUCUGCCUUCCACUUCCAUAACUCUGC,0
UUUGCCUCCCAGGGCUGCGCCCAGAGUCCAUUCCAGGUGAG,0
AUUCCACAGACUCUGCCAGCCCACAGACCUAUGAGGUUGAG,0
ACUCAGCCAAAGAUCCUGUUCUCUGAACCCAUCUGGGUUGC,0
ACAAGGAGGGCCAAUAGGGGCCAAUAGGGAGGCUGCUGCUA,0
CUGCGGGGCUUGCUUGAUUCCCUUAGCUUCCCAGCCAAGGU,0
CUACCUCUGGUCCAUGUCUCCGCCAGGGUCUCACCUCGUGG,0
AUUGGAAUGUUCUCAGAUUUCUGGUUGUUAUGUGAUCAUGU,0
CAUCUUAGAUUUGGACAAUUCCAUUGAUAAAACAGAAGCUG,0
GGCCCGAGCCAUCCUCGGCUCAGUGAAGAGCCGUGGGAGGG,0
AAAUGAGGCUGGGGCCAUGCCCAUGGGGAGAUGUUGGACGA,0
CGCCCUACGACAAGAAAAAGCGGAUGGUGGUUCCUGCUGCC,0
GGAGCUGCUAGAGAAGGGUGCUGGGAGCCUCCCGCUUACGU,0
GCGUAUCAAGGCCAGGACACCCCAGAGGUGGGUGCUGCUGG,0
GGGGCCGAACUGGAAAUGUGCUUAAGCUGAAAGUUAACUUU,0
UGUUUUAUUACUUAUGCUUACAUUUUUUAUGUAUUUUUUCU,0
UAAAUUAUCAGUUAGCAUCACAAUAAACUAUUGUAAUGAGA,0
AACUCCUUCAGGAGUACUGGCCUCUUAUCGUUUCCCUUCCG,0
UGGGAUUUAAGAUCCAUUUUCUUUGAUUAGGCUUAUCCUUC,0
GAAUCCCCAGGAACGCCCAGCCCCGACGGUGCCGCGUGGGA,0
CAGGGGCCCGCCACCACGCCCGGCUAAUUUUUUUUUUUUUU,0
UACUGGUACAAAAACAGACACACAGACCAAUGGAACAGAAU,0
UUCACUUCCCCUUAAUUACUCUGGUUGAGAGCAAAAAUAAA,0
CCUAUUAGGUGACCCAUGACCUUAAUUAAUGACCACUAAUC,0
UCCCCUCCUCACCCCUAGUCCCUUCACCUAAUUAACUCCUG,0
CCCUCCCCCUGGAGCUCAAUCUUUCUGGUAAGAAUGAGAGU,0
AGACUCCACAUUCCCACUCUCUUUUGAAACCUAGACUUAUG,0
AUUUGCGGUCACAGGAGGGCCCUGGUAUUCUAAAAGUCCUG,0
AGGGUGGCCUGAGCGCGGGGCGGAGGUCGCUCUCCUUUCCU,0
AAAUGAGACCCUUGGGUAGCCAGAAGGAUCAAGAUAGGACC,0
UAGGUAUUGGUGGAACAUAUCUCAAUAAGAGCCAUUUAUAU,0
GAGAUUCCGCUUCUGCUUCUCUGGGCUGGUGUUUCACAGGG,0
CAGGGGAAGUAAUGUUGUGCCCAUUUCAAGCCUCAGCCUUA,0
UCAAUUUUGUUUGAGAAAGUCUUUGUUUUUCUUUCACUUUU,0
CAGCAGAUACAAGCUUAGUACAUCUUUCAUAAGGAACAUUU,0
GCCAGGGCCAGGGCCAGGGCCAGAGACAGACACAGACUGAG,0
ACUAAUAUUUUUGCUAGAGUCCAGGAGUGAGGCGUUUACAA,0
AUUUCAUUGUCUGGCUAUACCAGUUUAUUUAGCCAAUCACC,0
GUCUCCUCUGGUCACCAGAUCCUACUCUGCCUGGGCCACAU,0
UCCCGCUGUGAUUCUAUUUCCUCCCACCCACUCCUCAAAUC,0
CCAAGUCCUGGCAGGGGGUGCAGCAGCCCCUGGCUCACCUA,0
CUCUACUUCAAGUCCUGCCACAGCUGCUACACCUACUACUG,0
ACAUUCAGACCCACUUCUAGCUAUUACUGAAAUAAAUGAUU,0
CUGCGCGGGGCUGCUGGCCUCUAGCAAGGUGCACCGGGGUG,0
GUAGCAUUCCUUAAUUGUUACUCUCAACAUGUCAUUGGCCA,0
GCCGACCUCCCUUGCUAGUCCGCACUACACUUGACCUACCU,0
UAUGUCCCCAUAUGUCGUGUCCUUUUACCCAUCCUCCACCC,0
ACACUUUCAAAUCCUAUGAUCACAUGAGCUUUUGAAUUAAG,0
AUAUUGAUGCUCAUGCAUCUCUGCUUUCUCUUAGAAGACUG,0
GACCUGACCAAUUAGCACUCCCAACUCACUGGCCCUCUACC,0
GCCAAGAUUGUGCCACUGGACUCCAACACCGGUGACAGAGU,0
AGUCGGGUUGCUUGGGAAUGCAGCCCAAAGCGGGUGGUAAA,0
UAUUUAACAAAGAAAUACACCCUGCUUCUCAGAAUUUUUGU,0
UUUCUCUGCCGUCAUGAAUACUUCUGAAAAGACCACUCAGG,0
CUGCAUCAGUUCUAAGAAGGCUGCUAGGAAGUGGCAAUAGC,0
GUACUGAAGGCCAAAGAGAGCCGUAGGGGUGACCCGGGUGC,0
UAGAGAUGAUUAACAAGUGGCUCCCAGGAGUUAUGCCAAAU,0
CAGGCUCACACCUCCCUCCCCCAACUCUCUGGAAUGUAUAA,0
CUAACUCGCUCAGAGUUCACCUGCUGGAUAUGGCAAACUUG,0
AUUUAAUAACCUUGAGAAAGCAGGGUCAAUGAACUGGUGGG,0
UCCAAAGGAACGCAAUUCCUCACCAGCAAUGGAACAAAGCU,0
GGAGAAGUCAAACCUUCUUUCCUGUACUUUGGCCCAGAUGU,0
UAUCCAGGUUUCCCUCUGAACUGAUAAUGCAACCUAUGUGA,0
GAUAAUUGCAAGUAUAGCAGCAAUUGUGACUGAAUAUUUAG,0
CCCAUCCCCGCAGUCCUCUGCCCUCAGCCUGGAUCAGCCAC,0
UGGGGUCCAGAGUCUUGGGUCUCCCAGAAAAGGGAAGAUUA,0
GAUGUCAUAGUAGUCUGGGACCUGUAAAAUAAUUCAAAUAU,0
CCCCGCACCUGCCGGGUUGUCCGGCGGGCGACGCGCGGGAA,0
UGAGGUUGGAUGUUAAAGCCCUUACUACUGUAUUAUACAAA,0
GAGAAUAGGCAAUAAUCAACCAAGAUUAUAAUCUUCAAGAU,0
GUAUAUGUUGGAGACAUAAUCCUAUGAGCCUGAGAGCUUUU,0
CUGCACCUCCCCGGACCACCCCGGCUCACCGAGAGGCGGGU,0
AUCUUAAGCACCCCUGAACACAUUUACCACGCAUGGCCCAC,0
CUCCUGUGGAGACCACGUGCCUGGCAGGUCCUUACAGUUGU,0
UCUUGCCAGAGUAGUGGCAUCACUAGGUUAAUAACCACAGA,0
UCUAGCUUGGGAAAUGGGGUCAUAGUAACUGCUAGGGGAGG,0
CCAGGAUUAUGGGUGUGAGCCACCACGCUAAUGUAGUAUUA,0
ACGGGCAGGAGGUCGAAGUGCCAAGUGACCAGGGAAGAGGA,0
GAGCCUAUUCCCCUACUUUGCUCUGCACUUCUCUCUCCUGC,0
UGGACCCUGGAGUCGGAUUGCCUUGGUGUGGAUCCUGUCUC,0
UUUUCUUUCAGUUUUGAAGGCAGAUUAAAUUCAUGUGACUU,0
GGAGAUCGAGACCAUCCUGGCUAACAUGGUGAAACCUUGUC,0
UCCAGGAUAAAGAAGGCAUCCCUCCCGACCAGCAGAGGCUC,0
CAGAUCCUUCCAUCCCUUCCCACCUCCCUCCAUCCCUCUGA,0
UGGAACCUCAUUUUAAAACACGGAUUGCAAGCAAAACAGAA,0
AAACAUUUUUGGGACAAAAUCAGGCUUUCCUGAUUACUUCU,0
CCCAGAAGGUGACAGCACGUCAUCAAGCCGCACUUCAUCUA,0
CAAGCUGAAGAAGGCCAAAGCUUCUGCUAUCUUCUGGUCAA,0
GUGCCUAGCGUCAGGUCUAGCCACUUCCUCCUGGGCCCCUC,0
GCCAUCAUGCAUGCGGGCAUCCAGGUCUGUGGCUCGGUUCC,0
CUGGGAGGCAGGAUACCCUCCUUAGAGAGGCGGCGGGAGCG,0
GAGGGUGGGGAGGGGAGGUGCUGCUGUUGUCUUCCUGGACU,0
UUUCCUUUUUCUAGUAUUUACCAACUGGUAAACUCCUCUUC,0
CAGUCCUUUUGCCAAUGUCCCUCAGUCAUUUUAGUUGCCCA,0
CCCCUGCCCCAGGAAUGUCACGCAAGCAUCAGAUGAUGGUC,0
GGAUUACAGGCAUGUGCCACCGUGCCCGGCUUUUUUUUUUU,0
UUUCCUUCUGUGCAUCCUGUCUGCCCUGCACAAUCAAGGCU,0
GAAAGCAAGUUUGUGAACGGCACAGCACGGAGCAAAGGCAG,0
GCGGGGGGCCCGGGCUCCAGCAGGGAUGCAGGUGGUGUCUC,0
GGCCUCUUGCCUGCAACUGUCUCCUAACCUUUGUUCCACCA,0
CAGAACUGUCGGUAGCGCUCCACAUGCAAGUCAUCACUGAG,0
AAUCCUAGCACUCUGGGAGACUGAGCGUGCAGAACAUCUGA,0
CCAGAGGGCGCCUGUGAACACCUGAGCCAGGUCGCAUCCCC,0
UAUUAAGGACUAAUAGAAGACAUCAAUCAAUAGAUUCAAGA,0
GCUGGGAGCCAUUUUCCAAACAUGGCCCCAGGAUCAAACCC,0
CUAGAAAGUCUUAAUGACUUCACACUGGAUUUGUUUUUUAC,0
AGAGGUUUGUUUCUUUGAUUCUAAAAUGAUACCAGGAGUGC,0
UUUUUCUUAGGGCUCUGUUCCGUUCCAUUGGUCUAUAUCUC,0
ACACCUGGCCUGGUUAUAAACAUAUUAAUGUUACUGUUUCA,0
GCCACAAGUAUGGCAGUAGACAAGAAGUUUCCCUGGGAUUC,0
CCCUCAGGCCAACGUCUUCCCAGGGGAGAGGCCUCGCUGCU,0
UGGGAGGAUCUUGGUGGUCACCUUGGACAUAGGAUUCUCUU,0
GGAUCCAGUAAACUGCCCCUCUUCCCUGGAUCUGCUGGCUC,0
UCCCACCACAUACAGCUCUUCAUCGAAUCCCGAAGAAGCCG,0
UUUUGACCUACCUCCUAGGACACAAAUGUGAUAUAUGUCUA,0
GGCAGGAGAAUCACUUGAACCCGGGAGGUGGAAGUUGCCAU,0
ACUGUCCUGUUGGGAGUGGCCGGAAUCGCUCAGCAUUUCAC,0
UUGCCAAAUCCCCCCAUGCCCAUCUAAUCACAAAUCCUCAG,0
UAAAAGUUCGAACUACUGAGCAUUGCACAUGAAGUCCUUCC,0
AGCCUGCCCACUUCCUUUGCCUACCCCGCCACUGCCUGUCG,0
CUAGGAGCAGAAGUAGAGGUCGAGCUAGAAAUAAAACAAGC,0
UAUUGUUCAGGGGCUGAGCCCCCCUGUUUUGGGGGGGUUCC,0
CAAGUAUCCUUGGACAUCAUCCGGAAAGCUAGUGAUCACUC,0
UUUCAUUCCGAUUUUUGUGACAACUGUAUUUUGCGUUGGAA,0
UGCCAUGUUCCGCCGGAAGGCCUUCCUCCACUGGUACACAG,0
GGGUCGGCAAAUUCUCAGGCCGUUGAAUUCUCACAACAUCC,0
GGCCAGGUACUAUUAUCCUCCCUCUAUCAAGUGGGGAUAUA,0
GGUUAAUCAUUAGAGGAUGACUAAAUUGAAAAAUCUUUCUA,0
AGGUUUUUGCAAUGUAAAUUCCUUCCAUUACCUUAGUUCAG,0
GCCCAGAGCCCCAUCCCAAUCCUGUCCUCUGACCCGUCCCC,0
UUAGUGACCUGAUUUCGGCCCCACUAUUCAGCUUCAUCUCU,0
GCAGGUUUGAUACUUGGAUUCAGUUAAACAUAGCCCUCAGA,0
UGUAUUUUGCAGGGCAUGUCCUUUUUGCAGGGACCCCUUGG,0
CACCAAAUCCCGGCACCACCCCACUUUCUUAUGGUAAGAAG,0
GAGCUAAGAAUUUGGACUCACGUGAACCCUGAAAGCCUUUU,0
UCCUCUCAUGGCUGCGGUCCCGGCUGCGGCUUCGGGGAGGG,0
GACACACUGCAAGAAUAGAGCCCUCAAAGCCAUAAUCAGAA,0
UUCCUCUACACUCACGCCCGCCUGCCCCAGUCCAUCUGUGA,0
GCAGAAGGGUCACCUGAGGCCAUGGGUUUGAGGCCAGUCUG,0
UAAAAUAUUAAUUGCUCUUGCACUGUUCUUUAUUGACAAUG,0
AUAUUUAAUGUUUGCUAUAGCUAAGAUACCAGAGGCUUCUG,0
GUGAUGUUCAACUGGGCUCUCUGAUACCGGGAGCAAGAUGG,0
CAAAAUGUCCAGUGUGCUACCCAUUUCUUGCUCAUAUAAUC,0
CUGUCUCCCCAAGCCCUGAGCUCUAUGUCACCAUAUGGACC,0
UGGGAUACCCCUUUUUCCCACAAAAGAAUGUCAUAUUUUCA,0
CUCCAGCCAGUCCCUCCGUUCGGGGUCCCUGACUUCCCACA,0
GCAUGAGCCACCGCACCGGGCCAUGCCCGGCUAAUUUUUGU,0
AUGCCUCAGAACUAUCUUUUCCCUUCCAUGAAUCUAUUUUA,0
CCCGCAUCACGCAGGUCAGCCUCCCUCACCGCCCCUGCCCA,0
UAAAUAUUAUUGAGCACUUACUAUGUGAGGUGCUAUUCUAG,0
GUAGUCUAGAAUUUCUUCUGCUUUUUGCUUCAAAACCUCAU,0
GGCCCCGAGUAAAGGCCAGGCACCGACACCCCAGAAACAUA,0
ACAUUAUUUUACUCUAGAUUCUCAGCAACCAAGGUGCCUCA,0
CAGGACAAUGAUAAGACUCGCUAUAUGGGGAAGGGUGUCUC,0
UAACUUCUUUACAUGCCCAACUACUCUUGACAGUUACUUUU,0
ACUGCCUCCCACAUUCUUCCCUGUCUUUUUGGGUUUUGUUU,0
ACUGGGAAUACAGGUGUGAGCCACUGCUUAACCUAAUCAUU,0
AGUGGGUUUCUGCAAAGGCCCAGUUUUGUUUUCAUUUUGUU,0
UUGAAGUAUCCGCCAUGAAUCUUUGAUGUAAUUAAGGAUAU,0
CAUCAAGGGAAUGAGGUAUUCAGCAGUAGGGGCUGUCAUUG,0
ACCAUGCUGGGCCUUGGGUGCACUCAUCAAAAAACGGACCA,0
CCGUCUCUUAAAAAAAAAUACAAAAAUUAGCCAGAUGUGGU,0
UCACGCCUGUCAUCCUACCACUUUGGGAGACCAAGGCGAGU,0
AUCCUUGAGGAAUGAAGUAACAUCUCUCCCUGGGACAAAGA,0
AUGAGUAACAGCUCAGGAUGCUGAAGACACUGGCCCAAGAC,0
AUCCUGUAACUUUCUCUUUGCUAUCCCUCGAAUCAGCCAUU,0
UCAACUUGAAUUAUAAAAGACAAUCAAAAUACUUCGACACU,0
GCUGAGAUUACAGGUGCCCACCACCAUGCCCGGCUAAUUUU,0
CCCGUAUUUGGCUUCUGCCACACAAUUUUGCAGUGUCCCCU,0
AUAGGCUGGCUGACCUGGGUCCUGGCUAUGGACCCUAAAGC,0
UAAGCAAACAGCUGGACUGCCACGCCCAUCUCAGUUGUUGC,0
UUUGAAAAAUGUCAUACACCCAUGUGACCACCAGCACAAUA,0
UACCAUGUAAUUUACCCAAUCAAAAUAUGUUCAAGUACUGA,0
AAAAAAGCACCAAAAAAACUCAUAAAAAACAAAAAGAAAAA,0
AAAUGUCAUUUUGUGCCAGGCAAGCAAUAUUCAAAUGCCAC,0
CUGUGUCUGGACUGGGCCCUCACUAUAGGUUCAUCUGACAU,0
GGGCAUGAUAAUGCAAUAAUCAAGAUCUUUGUGCCCAGUUU,0
AAAGGUGAAAAUCUCAACCUCUACUCUACCAGCUAACUAUC,0
ACUCCAAAGCAACUUUAAGUCCUGUCUUCCAACCAAUUGCU,0
AUGACACUAUUACGCCCCUGCCAAACAUGAGGGGAGAAAAC,0
GAGUGUAUGGAAUCAAACAGCCAUCUGGGUGCUUCCCUUGG,0
AGGAGAGAGGCCUCAGGAGGCACCAGCCCUGCUGGAUUAGG,0
CCUCCAAAAUCAAUAAUGGGCACCAGUGCUCCCCAGGCUGC,0
CACACAGGGGGACCUCAGACCCUGUCCCUCCCUCCGCAGGA,0
UUUUUCCAUCGUCGUUUUCCCAACCCUCCUUCCCACCUCCU,0
UCCCGUCAGCCAUCACAUCUCACCCGUCACACAGAACAUCC,0
AAGAGUAAGCUUUGUCUGGGCAGGGCCCGGCAUGGGGAGAA,0
UUUCCCACUCCAUCUCUGACCCUCUCUAACUUGGUGGUGUU,0
UUCGCCAACAAGCAGGUAGGCGCCCGGGCCAGCCUGGGGAA,0
UGAGGUUAAGUUAUAAAAGACAUUACGGCUUCCACCUUGCU,0
CUGGGAUUACAGGUGUGAGCCACCACGCCCGGCCCAAGUAC,0
CAAAGUUCAACUACUAAUAGCCUACUGUUGACCAAAAGCUU,0
CUCCUGCCUGAGGAGAGCAGCCACGGGUCACGGAAGCCAGG,0
CUACUUGGUGAGUUCUAAUACUCAUUUAUUCAAGGUUGGAC,0
AGAAUAAAAGGGAAAUGGCACCAGUUCUUGGCAGUGCAGGG,0
CUUCUGCAGGGCUGGAGAGGCCUCAGGAAACUUUCAAUCAU,0
ACGACUGGCUGAACACCUUUCCUCCCAGGCCUCUCUGCCCC,0
AACUGCUACCUUUGGUAGAACCAAAAAGAAAACUUGGGAGG,0
GUAGCUAGGAUUACAGAUGCCUGCCACCACGCUCAGCUAAU,0
AUUCUCCCCUCUACUAUGCCCUGACAAACACCAAAUACUCU,0
ACAGGCGUGAGCUACUGCACCCAGCCACAUCAGGACUUCCU,0
AGAAAUCUAAAACUAAUAUGCACAUCAAGAAGCUUUCAAAU,0
AGGAGUUCCUGCUCACUUAGCUGAGAAAGCUUUGAAAGGAG,0
AAAACAUGUACACAAAUGUUCAUAACAGCUUUUAGUUGAGC,0
UCCAGGUGUCUGACCACCAGCCUGGGCCAAGUAUUGACGGG,0
AUCCAUUUUGUCAUUCCUAUCUUCCAUAUGUAUGUGUUCCU,0
UUGUAUGCCCUGCCUUUCUUCAAUACUCCUUUUUGGAAAAG,0
GUUGUUGUCUAGAAUUUUUCCCUUAACGUUUUGUCUUCUAU,0
UAGGUUCAAAUUCUGAGUCUCUUAUUAGCUGUGUGGCCUCA,0
UUUGGCCAAUAAUUUUACACCUUCAUUUUAUUAAAAAAAGG,0
CUUGCCUGCCCGUCUCUGCCCCUCACGAUGUCCUGGUUACC,0
AUGGUGAGGGUCACAGUUAACCCAAAAAUGAGGCCAGACUG,0
CUGAGUUGACACAGCUGGAUCAGAACUUGACUAUCUAGAGG,0
CCACUGUCCUCAACAUUCCCCACCCAUCAGUCAUUUCCUCU,0
GCUAAAUCCUACUCACUCUUCAGGUCUCCAGUCAUCACUCC,0
CUCUGUGAGGGAGCACCCUCCUGGGAGCACUCUGUGAGGGA,0
CCGCGCUGCAGGGCCUCGUCCAGGGGCACGCGGCCCGGCGU,0
CUGGCUUCGUCCUUUCCCCGCACCCAGCCAGCCACUAUGGG,0
CCGGAUUCUACCCAGGCUACCUGGCAAUGGCUGUCCUUUCA,0
GUGCCGGCCCAAGGCCAAGGCCAAGGAUCAAACCAAGGCCC,0
GGGCCUCACUAUGUUGCCGGCUGGUCUCAAACCCCUAGGCU,0
AAAACAAAACAAAACACAAGCCUGAUUUACAGUUGGUUCUU,0
UUUUGAGCAGAGGAGGUGAGCGUAGCUGUGGAGACACAUAU,0
UUAGACCAGUCAUAGUCCUCCAACCAUCAGAAAUCAGAGGA,0
AAAACAAGGAGCAGGCACCACCCAGCCAGACGCAGGCUCAU,0
CAAUCCAUCUAGCCACUUGCCCUUGCCGAGUCUCAUUGCUC,0
GCUAUACAUCACCUAGGCUACACAUUUCAGCCCAAAAUGUU,0
AUGUUAGCUAGUAUAGCCUCCAACUCUAACUACAAACGGGC,0
UAUAUGCAGGGCAGAAAUGACAAAAUCCAAAUAAAUUAAAU,0
CAGCCACAGAAGCCAGUUUCCUGCAAUAAAUCCACAUAUAU,0
AUCCAAUAGAUUUGUGCAGACUCUCACUGGCAGCAGCUCCC,0
CAGACAACCUCAGUCCCAUCCCCGAAUCAUUAAACCACGGC,0
